"","Species","Period","Status","Site","Status_Site","Sample.ID","zoox","chla","chlacell","prot","AFDW","CAT","POX","SOD","PPO","MEL","propC","propD","syms","dom"
"1","M. capitata","2014 Oct","Bleaching","Lilipuna","Bleaching-Lilipuna","1",1710452.68228922,3.10340245339063,1.81437492280531,0.712274204094106,31.0677330242376,1.296880906,0.118624266,360.849598,0.432319546,0.015094547,NA,1,"D","D"
"2","M. capitata","2014 Oct","Bleaching","Lilipuna","Bleaching-Lilipuna","2",1727160.87758014,3.97507044231587,2.30150560605865,0.56504054815858,15.9593953697129,1.073046364,0.528707076,360.2140808,0.153805695,0.017919319,0.444079327,0.555920673,"DC","D"
"3","M. capitata","2014 Oct","Bleaching","Lilipuna","Bleaching-Lilipuna","3",2204471.31456508,3.53847980954336,1.60513760653831,0.799238731578976,31.4370084360529,1.762678203,3.901610575,285.2348295,0.168263529,0.018267048,NA,1,"D","D"
"4","M. capitata","2014 Oct","Bleaching","Lilipuna","Bleaching-Lilipuna","4",72858.2360887033,0.333511524964552,4.57754047954866,0.297328184189715,29.3605625987118,1.304630079,0.274308274,381.4773939,0.707105772,0.013999661,1,NA,"C","C"
"5","M. capitata","2014 Oct","Bleaching","Lilipuna","Bleaching-Lilipuna","5",584905.871255303,2.91641892097298,4.98613377689965,0.640221134373198,22.3530621459834,0.475503491,0.791381112,319.9412027,0.422069927,0.012004427,1,NA,"C","C"
"6","M. capitata","2014 Oct","Bleaching","Lilipuna","Bleaching-Lilipuna","6",807560.489945326,3.72963000127568,4.61839087933609,0.450275282873728,21.7768876200002,0.00097296,0.504305211,196.6645136,NA,0.014327581,1,NA,"C","C"
"7","M. capitata","2014 Oct","Bleaching","Lilipuna","Bleaching-Lilipuna","7",1913746.78456264,5.21433078544319,2.72467121957039,0.587957387046934,40.7662422900844,1.339169432,1.011723417,863.1080706,0.305765299,0.017186129,1,NA,"C","C"
"8","M. capitata","2014 Oct","Bleaching","Lilipuna","Bleaching-Lilipuna","8",1986728.44481288,3.46998828954116,1.74658408832919,0.575610878001913,29.1170983816552,3.044065564,0.077493709,517.5575563,0.723274613,0.010328592,NA,1,"D","D"
"9","M. capitata","2014 Oct","Bleaching","Lilipuna","Bleaching-Lilipuna","9",1915074.14204744,6.3854607915632,3.33431518465202,1.10998203168899,47.457394894944,1.359789689,1.398192172,235.8509091,0.400469857,0.019857207,NA,1,"D","D"
"10","M. capitata","2014 Oct","Bleaching","Lilipuna","Bleaching-Lilipuna","10",694007.78296668,2.99822138951336,4.32015528226044,0.497498304499815,26.4766281092816,1.347668035,1.306442847,87.79840888,0.247036466,0.013184285,1,NA,"C","C"
"11","M. capitata","2014 Oct","Bleaching","Lilipuna","Bleaching-Lilipuna","11",2864186.05263176,4.66731898171137,1.62954462313047,0.520498041146655,37.2241001636475,1.237192737,0.380056101,191.945487,0.351551893,0.011751317,NA,1,"D","D"
"12","M. capitata","2014 Oct","Bleaching","Lilipuna","Bleaching-Lilipuna","12",374109.082004682,2.14455245617517,5.73242553931992,0.660719219415553,18.3098594154198,0.678382652,1.238719229,268.6357758,0.443720321,0.01082173,1,NA,"C","C"
"13","M. capitata","2014 Oct","Bleaching","Lilipuna","Bleaching-Lilipuna","13",2875350.29967539,4.9628617473772,1.72600247974568,0.497254342240493,33.0711385629827,1.349292844,0.183759337,283.9377905,0.226165338,0.013281472,NA,1,"D","D"
"14","M. capitata","2014 Oct","Bleaching","Lilipuna","Bleaching-Lilipuna","14",1217191.80418096,3.6326653070593,2.98446415312801,0.56461711784902,27.3654619820188,1.428636483,1.206721243,468.103401,0.542198038,0.011733248,0.326939635,0.673060365,"DC","D"
"15","M. capitata","2014 Oct","Bleaching","Lilipuna","Bleaching-Lilipuna","15",81040.3382736523,0.397435326136526,4.90416667307692,0.299287677913042,15.5846804372408,0.954345016,NA,257.9684667,0.309675342,0.010791087,1,NA,"C","C"
"16","M. capitata","2014 Oct","Bleaching","Lilipuna","Bleaching-Lilipuna","16",2587137.66020178,4.8203706019765,1.86320607369634,0.733472187678564,26.8910027534192,2.95704893,0.588588264,370.6614264,0.350134557,0.050332911,NA,1,"D","D"
"17","M. capitata","2014 Oct","Bleaching","Lilipuna","Bleaching-Lilipuna","17",1821291.44853827,4.1984727438096,2.30521740338659,0.957911192018775,30.7587761312891,2.854047734,1.482794636,352.9400003,0.333988695,0.011948621,NA,1,"D","D"
"18","M. capitata","2014 Oct","Bleaching","Lilipuna","Bleaching-Lilipuna","18",903713.281184956,4.21541306888805,4.6645469936668,0.442260704962799,33.333700262437,2.796157108,1.253873612,533.1637712,0.302521887,0.014233098,1,NA,"C","C"
"19","M. capitata","2014 Oct","Bleaching","Lilipuna","Bleaching-Lilipuna","19",230336.383203001,1.22493171274499,5.31801227279593,0.440480328126343,28.9935530943811,1.17792109,0.759511797,448.8364698,0.276186108,0.020851024,1,NA,"C","C"
"20","M. capitata","2014 Oct","Bleaching","Lilipuna","Bleaching-Lilipuna","20",3943971.67892817,6.89933842110772,1.74933771912447,0.901935420778755,39.0648364136611,0.785838497,0.55685807,392.8010183,0.060528051,0.013464262,0.001061821,0.998938179,"DC","D"
"21","M. capitata","2014 Oct","Bleaching","Lilipuna","Bleaching-Lilipuna","21",1113347.58051702,2.00121616096862,1.7974765437037,0.258767327399511,16.4940382298818,0.225512429,0.566006407,284.1134264,0.170869859,0.016501943,NA,1,"D","D"
"22","M. capitata","2014 Oct","Bleaching","Lilipuna","Bleaching-Lilipuna","22",1800813.7358186,1.9607724536726,1.08882579840013,0.419514218821055,22.6499723604685,1.615827326,0.173676516,239.6886669,0.38391651,0.011962745,NA,1,"D","D"
"23","M. capitata","2014 Oct","Bleaching","Lilipuna","Bleaching-Lilipuna","23",2941233.0177968,4.13131557313651,1.40462028956522,0.401450746297089,28.1335332137085,0.90389875,0.604590331,270.4358092,0.087621787,0.015530235,NA,1,"D","D"
"24","M. capitata","2014 Oct","Bleaching","Lilipuna","Bleaching-Lilipuna","24",1026017.56438019,2.14971042420307,2.09519846329502,0.344998603004403,13.8964066942719,1.720104619,0.552017259,269.4787025,0.122670502,0.01001537,0.023348982,0.976651018,"DC","D"
"25","M. capitata","2014 Oct","Bleaching","Lilipuna","Bleaching-Lilipuna","25",1747081.37115605,3.07455747399469,1.759825,0.525274396600154,19.4120152350672,1.302969753,1.818807069,149.623825,0.18833801,0.011968754,NA,1,"D","D"
"26","M. capitata","2014 Oct","Bleaching","Lilipuna","Bleaching-Lilipuna","26",1044852.50019327,3.98748155508146,3.8163104881731,0.625137227207227,24.6089103942756,1.221489447,0.67058392,146.0072552,0.228283888,0.009707075,0.658732294,0.341267706,"CD","C"
"27","M. capitata","2014 Oct","Bleaching","Lilipuna","Bleaching-Lilipuna","27",1368704.02013428,2.16180120526003,1.5794511986952,0.318668169979408,17.0764520181396,1.661113448,0.015979667,368.9112924,0.35155267,0.014731415,NA,1,"D","D"
"28","M. capitata","2014 Oct","Bleaching","Lilipuna","Bleaching-Lilipuna","28",2060711.6899386,2.4555703446768,1.1916127601285,0.35152942870987,22.6022419060338,1.303694877,0.133731227,322.2447391,0.142089429,0.014235403,NA,1,"D","D"
"29","M. capitata","2014 Oct","Bleaching","Lilipuna","Bleaching-Lilipuna","29",486275.15679724,2.26476663608616,4.65737680494027,0.520497718145782,14.7853882859335,1.347587108,0.480275563,432.9793911,0.200114818,0.011020035,1,NA,"C","C"
"30","M. capitata","2014 Oct","Bleaching","Lilipuna","Bleaching-Lilipuna","30",487217.259986137,1.87681137176857,3.85210362174356,0.293872129197139,14.0420572379784,0.954723322,0.53587705,382.6988316,0.12462257,0.024529255,0.692508962,0.307491038,"CD","C"
"31","M. capitata","2014 Oct","Bleaching","Lilipuna","Bleaching-Lilipuna","31",1387274.40328251,2.26996908428643,1.63627980082046,0.52485090245573,23.7566874501339,NA,0.608723871,326.1272428,0.192228591,0.016807878,NA,1,"D","D"
"32","M. capitata","2014 Oct","Bleaching","Lilipuna","Bleaching-Lilipuna","32",398991.63458125,1.85557014909074,4.6506492574417,0.37881932528952,14.6943361015459,0.708431887,0.053246855,287.6488557,0.114100404,0.015252648,1,NA,"C","C"
"33","M. capitata","2014 Oct","Bleaching","Lilipuna","Bleaching-Lilipuna","33",1726141.18138162,3.25544358551577,1.88596600360933,0.615621132808628,24.1481015779302,2.092107862,0.209443261,209.0111367,0.499961334,0.01480122,0.045774578,0.954225422,"DC","D"
"34","M. capitata","2014 Oct","Bleaching","Lilipuna","Bleaching-Lilipuna","34",433370.401012078,2.31916878600418,5.3514701986755,0.339648975332518,12.6280116851201,0.531981323,0.322251645,172.2912928,0.211765367,0.013349798,1,NA,"C","C"
"35","M. capitata","2014 Oct","Bleaching","Lilipuna","Bleaching-Lilipuna","35",2607426.55790431,4.6589500838044,1.78680011894524,0.57474083490534,24.2676822422044,0.597115507,0.221403582,357.4512217,0.644958262,0.013919954,NA,1,"D","D"
"36","M. capitata","2014 Oct","Bleaching","Lilipuna","Bleaching-Lilipuna","41",2009891.44584162,3.24898929229731,1.61649988561289,0.482768549170139,18.6725422933083,0.76643147,0.259104253,262.8463513,0.133731227,0.01900875,NA,1,"D","D"
"37","M. capitata","2014 Oct","Bleaching","Lilipuna","Bleaching-Lilipuna","42",801199.613273719,3.85219408057843,4.80803287565041,0.69174383148055,21.1735999937263,0.484666486,0.143474106,332.1857322,0.040992602,0.016705477,1,NA,"C","C"
"38","M. capitata","2014 Oct","Bleaching","Lilipuna","Bleaching-Lilipuna","43",2682252.04347222,4.90386066875049,1.82826244113971,0.638853463983454,25.395945521621,2.076090672,1.006777033,402.4131117,0.097745343,0.01418966,NA,1,"D","D"
"39","M. capitata","2014 Oct","Bleaching","Lilipuna","Bleaching-Lilipuna","44",2556312.06117115,3.12563144330788,1.22271122167921,0.529135595944218,22.8201027679125,1.379216775,0.17432486,202.8691332,0.224131962,0.013939056,NA,1,"D","D"
"40","M. capitata","2014 Oct","Bleaching","Lilipuna","Bleaching-Lilipuna","45",838093.413674201,3.66143057756609,4.3687619038961,0.812090762251402,21.7686600954338,1.4675535,0.448533379,343.7346445,0.213587323,0.015124327,1,NA,"C","C"
"41","M. capitata","2014 Oct","Bleaching","Reef 14","Bleaching-Reef 14","46",875360.375284875,1.71219840040862,1.95599258174258,0.366199722860628,19.6956281395378,1.444610177,0.280169562,338.541231,0.627579818,0.013192868,NA,1,"D","D"
"42","M. capitata","2014 Oct","Bleaching","Reef 14","Bleaching-Reef 14","47",505931.89990451,1.83736842035113,3.63165165252066,0.430475207464614,13.431808464891,2.330368036,0.685634077,222.11622,0.966417556,0.01117051,0.649140664,0.350859336,"CD","C"
"43","M. capitata","2014 Oct","Bleaching","Reef 14","Bleaching-Reef 14","48",2263119.24482953,3.48604798959096,1.54037309238363,0.468466363193073,17.3345244848136,2.279326811,0.300084684,395.7442004,0.734324874,0.013587775,NA,1,"D","D"
"44","M. capitata","2014 Oct","Bleaching","Reef 14","Bleaching-Reef 14","49",608034.525610467,2.70301697779761,4.44549916813322,0.690915150781419,51.7043807548202,1.187265846,1.005516525,287.0768368,0.25741223,0.012366928,1,NA,"C","C"
"45","M. capitata","2014 Oct","Bleaching","Reef 14","Bleaching-Reef 14","50",1266532.33234254,4.48641095935518,3.54227905975148,0.385843789778386,22.0148229377897,1.254064336,0.364980807,207.0098256,0.145992323,0.014705995,0.041053816,0.958946184,"DC","D"
"46","M. capitata","2014 Oct","Bleaching","Reef 14","Bleaching-Reef 14","51",1445547.5892453,6.60419079826563,4.56864294707418,0.48573024362677,25.0458727085263,0.8649011,0.311201,191.5648101,0.147532326,0.009511731,1,NA,"C","C"
"47","M. capitata","2014 Oct","Bleaching","Reef 14","Bleaching-Reef 14","52",1361997.6205117,3.63143254612055,2.66625469195476,0.502542090319204,21.4300175045425,1.278723361,NA,187.0900122,0.865882532,0.012569073,0.016853783,0.983146217,"DC","D"
"48","M. capitata","2014 Oct","Bleaching","Reef 14","Bleaching-Reef 14","53",714003.268760325,4.10892182518034,5.75476612637136,0.423659116232034,12.6206962343183,2.002827192,0.371504839,435.6254296,0.402099355,0.012935809,0.960028627,0.039971373,"CD","C"
"49","M. capitata","2014 Oct","Bleaching","Reef 14","Bleaching-Reef 14","54",1644158.37652454,5.24519349308926,3.19019965958308,0.491428084976463,21.4649791803824,0.751234626,1.377842683,252.3949002,0.166622836,0.019862966,1,NA,"C","C"
"50","M. capitata","2014 Oct","Bleaching","Reef 14","Bleaching-Reef 14","55",755700.995429178,2.6577038285969,3.5168722082833,0.446420727518915,18.6906143325646,0.365451478,0.005393195,144.6281309,0.621296055,0.011080084,1,NA,"C","C"
"51","M. capitata","2014 Oct","Bleaching","Reef 14","Bleaching-Reef 14","56",349140.524353226,2.63943743742618,7.55981403853268,0.3632987444316,19.8719670083512,0.395047131,0.123148301,307.6418527,0.232862242,0.017568602,1,NA,"C","C"
"52","M. capitata","2014 Oct","Bleaching","Reef 14","Bleaching-Reef 14","57",1002623.4884425,3.69582801530556,3.6861574239067,0.216100092973397,14.2410017675488,1.256836073,0.946399543,269.7601941,1.851501651,0.010375506,1,NA,"C","C"
"53","M. capitata","2014 Oct","Bleaching","Reef 14","Bleaching-Reef 14","58",1315574.22224595,3.72997968181032,2.8352483795574,0.375232434917413,15.4900091515527,1.709681903,1.45688172,245.5881337,0.733140479,0.01282793,NA,1,"D","D"
"54","M. capitata","2014 Oct","Bleaching","Reef 14","Bleaching-Reef 14","59",1580875.074756,5.8059635909385,3.67262643560537,0.647250112749725,22.8143845524217,1.491083685,0.499185361,464.6927631,0.295813547,0.015266033,1,NA,"C","C"
"55","M. capitata","2014 Oct","Bleaching","Reef 14","Bleaching-Reef 14","60",481963.600488758,2.92565305890516,6.07027803746646,0.299687457232263,13.4976999867007,0.880132536,0.908324789,625.1667162,0.662542787,0.011370156,0.274190601,0.725809399,"DC","D"
"56","M. capitata","2014 Oct","Bleaching","Reef 14","Bleaching-Reef 14","61",1053117.97411371,3.65418295503518,3.46987046547228,0.369302330819846,17.2552579661066,1.3019794,0.614057585,415.2672079,0.245623034,0.019023462,NA,1,"D","D"
"57","M. capitata","2014 Oct","Bleaching","Reef 14","Bleaching-Reef 14","62",1634275.62892949,5.14868108387437,3.15043618881286,NA,28.1053949595486,0.848678255,0.62481329,338.3244038,0.219446619,0.016456068,0.050353997,0.949646003,"DC","D"
"58","M. capitata","2014 Oct","Bleaching","Reef 14","Bleaching-Reef 14","63",1169906.02720607,2.29685743214706,1.96328369863377,0.353729645521478,12.919201321686,0.86128088,0.057629815,262.4313925,0.202856948,0.018500104,NA,1,"D","D"
"59","M. capitata","2014 Oct","Bleaching","Reef 14","Bleaching-Reef 14","64",1721413.67128133,3.99006156297119,2.31789814937463,0.63134183188493,28.1118015091914,1.119226509,0.835915741,335.7637015,0.254755274,0.013714432,NA,1,"D","D"
"60","M. capitata","2014 Oct","Bleaching","Reef 14","Bleaching-Reef 14","65",713875.436022871,2.73323407578942,3.82872688688766,0.300687459437438,15.7907785011709,0.795842817,1.011723417,515.8325311,2.266260454,0.023786736,1,NA,"C","C"
"61","M. capitata","2014 Oct","Bleaching","Reef 14","Bleaching-Reef 14","66",647929.612854627,6.29633194210509,9.71761718740546,0.416239169598844,21.5613261940515,0.603860289,0.521644251,170.9911441,0.143031488,0.017186393,1,NA,"C","C"
"62","M. capitata","2014 Oct","Bleaching","Reef 14","Bleaching-Reef 14","67",3145874.8300739,8.80829646847117,2.79995134716286,0.618643504014657,24.4497980446681,0.616901979,0.423554679,190.9038075,0.231029825,0.014200448,0.002886562,0.997113438,"DC","D"
"63","M. capitata","2014 Oct","Bleaching","Reef 14","Bleaching-Reef 14","68",875560.562335346,2.20028369915257,2.51300000685715,0.378719929583448,16.5105800386551,0.792981148,1.766084814,269.1088219,0.147173734,0.007109288,1,NA,"C","C"
"64","M. capitata","2014 Oct","Bleaching","Reef 14","Bleaching-Reef 14","69",1148273.54247696,2.97871056074246,2.59407750031149,0.281977988281996,9.8980488117778,0.723211655,NA,186.6351741,0.256392241,0.010091349,0.001238406,0.998761594,"DC","D"
"65","M. capitata","2014 Oct","Bleaching","Reef 14","Bleaching-Reef 14","70",1170369.14040889,6.33915561698559,5.41637283325062,0.613573857537867,22.9262375037654,0.950451636,1.515148085,90.92395397,0.149109812,0.00895717,1,NA,"C","C"
"66","M. capitata","2014 Oct","Bleaching","Reef 14","Bleaching-Reef 14","71",1094280.07385141,3.52446036101798,3.22080283214273,0.414133259430037,16.6782766003223,1.264364963,0.009699822,302.5537974,0.446191801,0.013688325,0.000270684,0.999729316,"DC","D"
"67","M. capitata","2014 Oct","Bleaching","Reef 14","Bleaching-Reef 14","72",319898.100689154,0.612894721628668,1.91590609731134,0.194999675198319,7.82940501504234,0.742039695,0.145934137,340.7250539,0.103012332,0.009968954,0.479327998,0.520672002,"DC","D"
"68","M. capitata","2014 Oct","Bleaching","Reef 14","Bleaching-Reef 14","73",746599.10497737,2.93095509396889,3.92574150495095,0.286971234648848,12.7314741137303,0.793778923,0.878692492,118.0346827,0.103782578,0.00853905,1,NA,"C","C"
"69","M. capitata","2014 Oct","Bleaching","Reef 14","Bleaching-Reef 14","75",717795.18284251,3.04855748285014,4.24711332106978,0.519402280006028,17.0253229609181,1.309857753,0.118165571,265.8425427,0.08123883,0.015659455,1,NA,"C","C"
"70","M. capitata","2014 Oct","Bleaching","Reef 14","Bleaching-Reef 14","76",593878.224839981,2.96286231177963,4.989006479532,0.427157234347774,16.6162776337928,0.705412668,0.285130039,248.7354991,0.174966161,0.013468373,1,NA,"C","C"
"71","M. capitata","2014 Oct","Bleaching","Reef 14","Bleaching-Reef 14","77",1001962.39568385,5.43261847798087,5.42197841094928,0.43802723112388,27.4929041412083,0.694414518,0.763843405,495.1288865,0.273375534,0.016246215,1,NA,"C","C"
"72","M. capitata","2014 Oct","Bleaching","Reef 14","Bleaching-Reef 14","78",531411.600906441,2.78422948250752,5.23930881026758,0.442612130450965,19.1691713105901,0.975752181,1.323846189,318.3039846,0.168812601,0.016046575,0.990771031,0.009228969,"CD","C"
"73","M. capitata","2014 Oct","Bleaching","Reef 14","Bleaching-Reef 14","79",285450.68995128,1.48113342894145,5.18875406885249,0.268287732700096,10.7655565746693,1.138349318,0.451311347,376.4964277,0.444864042,0.012275891,1,NA,"C","C"
"74","M. capitata","2014 Oct","Bleaching","Reef 14","Bleaching-Reef 14","80",405288.873262893,1.3642105068374,3.36602013239208,0.223108053810995,10.3625025443645,0.298325729,0.960293914,227.4705565,0.234402451,0.018591986,1,NA,"C","C"
"75","M. capitata","2014 Oct","Bleaching","Reef 14","Bleaching-Reef 14","81",1171775.9535051,2.53652702881271,2.1646860231474,0.314137881438504,12.0742393784607,1.119977955,0.423554679,295.6087203,0.308039767,0.019667256,NA,1,"D","D"
"76","M. capitata","2014 Oct","Bleaching","Reef 14","Bleaching-Reef 14","82",291982.196385034,1.04741518912613,3.58725703859327,0.31677336635716,12.7797523283999,0.514004404,0.136426904,246.8149671,0.196113674,0.025961587,0.508427591,0.491572409,"CD","C"
"77","M. capitata","2014 Oct","Bleaching","Reef 14","Bleaching-Reef 14","83",1617521.64825409,3.3784266870495,2.08864387731446,0.236795102692748,14.9448981238975,NA,1.86546484,239.4091201,0.137913743,0.009900136,0.996876783,0.003123217,"CD","C"
"78","M. capitata","2014 Oct","Bleaching","Reef 14","Bleaching-Reef 14","84",1625666.89716877,5.01339442288509,3.08390017144123,0.392538801632122,15.778536289737,0.667811177,0.802286713,244.1702822,0.11142871,0.015988889,0.299727988,0.700272012,"DC","D"
"79","M. capitata","2014 Oct","Bleaching","Reef 14","Bleaching-Reef 14","85",806937.128197555,4.44952067427677,5.51408594151022,0.506291182819365,18.4092260495458,1.068224935,0.299838051,244.5486511,0.0946857,0.016044631,NA,1,"D","D"
"80","M. capitata","2015 Feb","Recovery","Lilipuna","Recovery-Lilipuna","1",1545751.01341348,2.82408653668913,1.82699963460007,0.574091811563405,10.2019546481381,0.237948424,0.316836148,232.917468,0.788569969,0.000254195,NA,1,"D","D"
"81","M. capitata","2015 Feb","Recovery","Lilipuna","Recovery-Lilipuna","2",1275773.31490165,2.72703761972642,2.13755656108597,0.223981921349249,9.23636789069067,0.594506803,0.333864685,407.0359484,0.805726773,0.00015278,NA,1,"D","D"
"82","M. capitata","2015 Feb","Recovery","Lilipuna","Recovery-Lilipuna","3",1022542.16470739,5.60156618613941,5.4780784396723,0.432829195178064,12.6066755877106,0.59044838,0.432473784,522.080853,1.495747713,0.000128571,1,NA,"C","C"
"83","M. capitata","2015 Feb","Recovery","Lilipuna","Recovery-Lilipuna","4",3037049.06423677,4.63920248363124,1.52753623188406,0.616212853613257,17.6060815318073,0.658427587,0.265711678,657.1710649,2.14236553,0.000106465,0.005021124,0.994978876,"DC","D"
"84","M. capitata","2015 Feb","Recovery","Lilipuna","Recovery-Lilipuna","5",1219739.09613398,2.5278041268156,2.07241379310345,0.500513629103255,16.8239875328825,0.925319811,0.362034672,395.3922749,1.313818577,0.0001975,0.002538991,0.997461009,"DC","D"
"85","M. capitata","2015 Feb","Recovery","Lilipuna","Recovery-Lilipuna","6",2006243.82043979,3.15702667267292,1.57360069624083,0.436940781283506,17.2703866119963,1.323929792,0.269796258,503.6472577,1.928143924,0.000118512,0.000802551,0.999197449,"DC","D"
"86","M. capitata","2015 Feb","Recovery","Lilipuna","Recovery-Lilipuna","7",1048931.98328202,3.46147554483067,3.3,0.496161477806417,16.6497140203496,0.308963603,0.204333586,252.0520742,0.809550208,0.000169967,0.923825405,0.076174595,"CD","C"
"87","M. capitata","2015 Feb","Recovery","Lilipuna","Recovery-Lilipuna","8",997004.148341425,2.13482910408126,2.14124395333026,0.351476324516217,7.79134709518708,1.011482688,0.22132967,767.0855176,2.048880376,0.000164318,NA,1,"D","D"
"88","M. capitata","2015 Feb","Recovery","Lilipuna","Recovery-Lilipuna","9",1727445.58844085,3.05165514904989,1.76657092383688,0.66333891643588,13.3260050176851,0.607908187,0.056727981,489.2177424,1.5379586,0.000282145,0.001489752,0.998510248,"DC","D"
"89","M. capitata","2015 Feb","Recovery","Lilipuna","Recovery-Lilipuna","10",1765873.66619006,4.72121317922889,2.67358490566038,0.594732923424388,18.3251040831044,0.691181439,1.028930932,377.4013198,1.028930932,0.000190584,0.165765268,0.834234732,"DC","D"
"90","M. capitata","2015 Feb","Recovery","Lilipuna","Recovery-Lilipuna","11",1456212.61079185,6.2695557501207,4.30538487557217,0.60146152675852,24.7515031587868,0.646212285,1.149495821,368.3480064,1.053704503,0.000349978,1,NA,"C","C"
"91","M. capitata","2015 Feb","Recovery","Lilipuna","Recovery-Lilipuna","12",1661212.85949487,2.34884701397717,1.41393500571107,0.496321586431698,18.3822809789518,0.811095152,0.1483467,546.4633435,1.294148354,0.000276376,NA,1,"D","D"
"92","M. capitata","2015 Feb","Recovery","Lilipuna","Recovery-Lilipuna","13",1598343.78715553,3.35771474689762,2.10074626865672,0.335175077754257,11.9279387101159,0.959976931,1.287060585,659.2470138,1.828151362,0.000309345,0.000686714,0.999313286,"DC","D"
"93","M. capitata","2015 Feb","Recovery","Lilipuna","Recovery-Lilipuna","14",1393276.27342642,4.91916413311362,3.53064516129032,0.415735662232078,11.2360989792454,0.647698293,3.816886916,497.5174189,1.28189787,0.000488936,0.802691047,0.197308953,"CD","C"
"94","M. capitata","2015 Feb","Recovery","Lilipuna","Recovery-Lilipuna","15",1138238.57978516,3.44111293307297,3.02319126603709,0.32358894198657,10.2185981679969,0.519538362,0.966123782,394.1075161,1.000967591,0.000336626,0.86584745,0.13415255,"CD","C"
"95","M. capitata","2015 Feb","Recovery","Lilipuna","Recovery-Lilipuna","16",1495428.49881608,4.25342591591831,2.84428571428571,0.474264466767385,17.0906114150409,0.65180941,0.151274616,415.6878181,1.159772059,0.000219831,NA,1,"D","D"
"96","M. capitata","2015 Feb","Recovery","Lilipuna","Recovery-Lilipuna","17",1233171.68447154,2.16543126888333,1.75598523397113,0.381378726115995,17.1406169040897,0.328694005,0.164561098,277.0493031,0.789893271,0.000203024,0.005076486,0.994923514,"DC","D"
"97","M. capitata","2015 Feb","Recovery","Lilipuna","Recovery-Lilipuna","18",1248815.25991658,4.05583099763583,3.2477429831429,0.44353098216101,12.0853128654226,0.745339505,0.223822935,512.2619814,1.689117083,0.000215232,NA,1,"D","D"
"98","M. capitata","2015 Feb","Recovery","Lilipuna","Recovery-Lilipuna","19",1168298.47305875,5.25982887019643,4.50212765957447,0.384461341488838,9.11438525081297,0.524555062,0.050748318,315.4881991,1.132895774,0.00017251,0.616190887,0.383809113,"CD","C"
"99","M. capitata","2015 Feb","Recovery","Lilipuna","Recovery-Lilipuna","20",1902522.31995654,3.78096766393353,1.98734470774561,0.489892820243879,12.5613543652277,0.316224629,0.658013458,501.6244351,1.214794076,0.000304981,NA,1,"D","D"
"100","M. capitata","2015 Feb","Recovery","Lilipuna","Recovery-Lilipuna","21",1751137.90126947,3.59670259692841,2.05392310583936,0.347131722557002,12.7707322679834,0.617920588,0.402384554,412.3751929,1.111177494,0.000284362,NA,1,"D","D"
"101","M. capitata","2015 Feb","Recovery","Lilipuna","Recovery-Lilipuna","22",1221608.99422869,2.97614772724008,2.43625230437927,0.256869893124888,17.7151650430957,0.62554842,0.397985761,898.1756079,2.527812591,0.00017629,0.003914327,0.996085673,"DC","D"
"102","M. capitata","2015 Feb","Recovery","Lilipuna","Recovery-Lilipuna","23",1007386.25148272,2.01763710841989,2.00284360189573,0.211980803629539,10.5035533329952,1.361658393,0.945364565,814.6098313,2.62181106,0.000174504,NA,1,"D","D"
"103","M. capitata","2015 Feb","Recovery","Lilipuna","Recovery-Lilipuna","24",895002.941197099,3.18871578531933,3.5627992250554,0.269781576482171,11.0986091590766,0.927401493,0.452801779,692.7752155,2.155560073,0.000234557,1,NA,"C","C"
"104","M. capitata","2015 Feb","Recovery","Lilipuna","Recovery-Lilipuna","25",1400702.95915968,2.34397355333505,1.67342657342657,0.297771817891289,10.7746381473822,0.642018185,0.248312518,555.3620471,1.219490367,0.000256651,NA,1,"D","D"
"105","M. capitata","2015 Feb","Recovery","Lilipuna","Recovery-Lilipuna","26",1498537.3296821,3.93592252861653,2.6265094973987,0.36603334680835,9.57645384091613,1.017790499,0.671079935,736.0654909,1.672836938,0.000262038,NA,1,"D","D"
"106","M. capitata","2015 Feb","Recovery","Lilipuna","Recovery-Lilipuna","27",1441965.2633379,4.4448747761313,3.08251168675325,0.496486343136939,13.2200505569008,0.58404886,0.525771595,431.14307,1.094509472,0.000283712,0.995694381,0.004305619,"CD","C"
"107","M. capitata","2015 Feb","Recovery","Lilipuna","Recovery-Lilipuna","28",766784.741982765,2.38315388194214,3.10798292070828,0.302563423882936,8.09326030962586,0.642099172,3.160378238,222.5167182,0.81496048,0.000327269,NA,1,"D","D"
"NA",NA,NA,NA,NA,NA,NA,NA,NA,NA,NA,NA,NA,NA,NA,NA,NA,NA,NA,NA,NA
"109","M. capitata","2015 Feb","Recovery","Lilipuna","Recovery-Lilipuna","30",1530212.26105163,4.04975359210562,2.6465306122449,0.518398439458307,14.9898343939752,0.488969711,0.185718596,696.0996257,1.139074058,0.000235574,NA,1,"D","D"
"110","M. capitata","2015 Feb","Recovery","Lilipuna","Recovery-Lilipuna","31",1579449.76569226,4.93884316716153,3.12693906095639,0.397249362159488,11.2076622552834,0.508081841,0.804749166,558.9687949,1.458016137,0.000437678,1,NA,"C","C"
"111","M. capitata","2015 Feb","Recovery","Lilipuna","Recovery-Lilipuna","32",1391356.77576257,3.14783929934646,2.26242424242424,0.363439254759797,9.2757118384171,0.721672558,1.343334943,526.273656,1.111009382,0.000329975,0.21481807,0.78518193,"DC","D"
"112","M. capitata","2015 Feb","Recovery","Lilipuna","Recovery-Lilipuna","33",2181453.67593854,4.39840219134998,2.01627118644068,0.380090572688952,14.7895164470409,0.911750601,0.726986966,598.6904653,1.405508134,0.000192864,0.044190597,0.955809403,"DC","D"
"113","M. capitata","2015 Feb","Recovery","Lilipuna","Recovery-Lilipuna","34",1340545.10397272,2.28262394510115,1.70275803353171,0.32866456560691,12.4809328711485,0.508854665,0.486468449,562.3203994,1.316233332,0.000214588,NA,1,"D","D"
"114","M. capitata","2015 Feb","Recovery","Lilipuna","Recovery-Lilipuna","35",2153827.81754564,5.39667526334875,2.50562056046729,0.303957267755031,21.0284902220462,0.792883017,1.075029827,809.7444695,2.251238932,0.000155994,NA,1,"D","D"
"115","M. capitata","2015 Feb","Recovery","Lilipuna","Recovery-Lilipuna","36",1078630.3486568,2.8567576247599,2.64850477118261,0.360789225531575,9.17260742876886,0.764947441,0.391168484,392.2179971,0.982267527,0.000308523,1,NA,"C","C"
"116","M. capitata","2015 Feb","Recovery","Lilipuna","Recovery-Lilipuna","37",1133670.24711895,4.28888522693233,3.78318584070796,0.313013377965587,10.0324800629996,0.00140232,0.19965169,357.5211561,0.645984135,0.000255859,0.6639948,0.3360052,"CD","C"
"117","M. capitata","2015 Feb","Recovery","Lilipuna","Recovery-Lilipuna","38",1978790.3223489,4.92902697768402,2.49092939358682,0.658384964109896,14.9942745449459,0.518980634,0.751971411,368.9242646,0.53192083,0.000417293,NA,1,"D","D"
"118","M. capitata","2015 Feb","Recovery","Lilipuna","Recovery-Lilipuna","39",1776118.62583557,3.8170232852329,2.14908127740465,0.451539064534864,10.7742509975781,0.635105929,0.382472499,498.1964505,1.356502462,0.000439562,0.032159302,0.967840698,"DC","D"
"119","M. capitata","2015 Feb","Recovery","Lilipuna","Recovery-Lilipuna","40",1101205.38284416,1.36403898629952,1.23867809543078,0.365855132434219,10.9210487293797,0.618365806,1.057945609,572.6162165,1.777651977,0.000240189,NA,1,"D","D"
"120","M. capitata","2015 Feb","Recovery","Reef 14","Recovery-Reef 14","41",2138457.94156019,6.03332521219629,2.82134387351779,0.434453510656892,20.2857670345631,1.391471902,0.554333318,407.3777023,1.600703447,0.000392544,0.063852882,0.936147118,"DC","D"
"121","M. capitata","2015 Feb","Recovery","Reef 14","Recovery-Reef 14","42",1171599.39188174,4.56510471994612,3.89647242186938,0.33411273674968,14.8862110433026,0.403217185,1.635158307,395.807133,1.432099433,0.000377734,1,NA,"C","C"
"122","M. capitata","2015 Feb","Recovery","Reef 14","Recovery-Reef 14","43",3271559.35817019,5.0323776933529,1.53821989528796,0.387105976411761,27.4057328433105,0.605240527,0.449712769,594.5638057,1.615810091,0.000836364,NA,1,"D","D"
"123","M. capitata","2015 Feb","Recovery","Reef 14","Recovery-Reef 14","44",2622011.74853705,4.74688365484383,1.81039755351682,0.53402441116993,16.0367691042021,0.973430291,NA,433.8141173,1.249281477,0.001341637,NA,1,"D","D"
"124","M. capitata","2015 Feb","Recovery","Reef 14","Recovery-Reef 14","45",1634103.63559714,3.46130542954321,2.1181676327881,0.256749591435751,12.8374795717875,0.823354797,0.626697675,541.7006705,1.353127883,0.000691578,0.086263195,0.913736805,"DC","D"
"125","M. capitata","2015 Feb","Recovery","Reef 14","Recovery-Reef 14","46",1350026.84254041,3.46132362162052,2.56389244461776,0.324260662569152,11.4444939730289,0.429240431,1.420145588,589.9873043,2.543638542,0.000496642,0.200492687,0.799507313,"DC","D"
"126","M. capitata","2015 Feb","Recovery","Reef 14","Recovery-Reef 14","47",982221.066668903,3.14683261903364,3.2037926346925,0.20464476520368,26.8386577316302,0.168802893,0.638635183,270.2774758,0.877491957,0.000602017,1,NA,"C","C"
"127","M. capitata","2015 Feb","Recovery","Reef 14","Recovery-Reef 14","48",1817756.95157385,4.11217017044929,2.26222222222222,0.609958443750337,20.1972994619317,1.042757222,0.574107396,499.6440641,1.937244443,0.000229793,0.001301832,0.998698168,"DC","D"
"128","M. capitata","2015 Feb","Recovery","Reef 14","Recovery-Reef 14","49",1395665.87381379,4.45305411833942,3.19063050970147,0.350653490596111,12.2606115593046,0.543824401,0.20660371,358.5201871,1.159021308,0.00029454,1,NA,"C","C"
"129","M. capitata","2015 Feb","Recovery","Reef 14","Recovery-Reef 14","50",1325097.48690318,4.96032287589549,3.74336448821438,0.585740254494042,17.5897974322535,0.769354858,0.270191185,393.8265607,1.357347544,0.000262431,1,NA,"C","C"
"130","M. capitata","2015 Feb","Recovery","Reef 14","Recovery-Reef 14","51",1743328.85157551,4.39138526233072,2.51896551724138,0.278030894432301,13.5258272967065,1.22474411,1.361258206,381.065134,1.861987695,0.000236132,NA,1,"D","D"
"131","M. capitata","2015 Feb","Recovery","Reef 14","Recovery-Reef 14","52",1417430.59437228,4.65946907260452,3.28726435784886,0.445126475348968,14.3589185596441,0.4356802,0.198160404,388.877451,1.646469604,0.000936336,1,NA,"C","C"
"132","M. capitata","2015 Feb","Recovery","Reef 14","Recovery-Reef 14","53",774544.319294003,2.22079250997262,2.86722457921694,0.302703041988405,23.2848493837234,0.636899955,0.320957372,660.601962,2.649171957,0.000195986,1,NA,"C","C"
"133","M. capitata","2015 Feb","Recovery","Reef 14","Recovery-Reef 14","54",4103979.55226877,8.47972865127583,2.06622097972882,0.472270839264739,21.1464554894659,1.14509872,0.756019434,386.3648568,1.608041335,0.000533129,NA,1,"D","D"
"134","M. capitata","2015 Feb","Recovery","Reef 14","Recovery-Reef 14","55",1285869.87215766,5.07038040356291,3.94315203532604,0.402935389027277,10.56879708924,0.167942341,0.374111435,210.2608234,0.972374024,0.000233361,1,NA,"C","C"
"135","M. capitata","2015 Feb","Recovery","Reef 14","Recovery-Reef 14","56",1433503.79690064,6.46490022207868,4.50985915492958,0.486583683173317,20.1901943225443,0.632872679,0.501549371,287.0756589,1.259000377,0.000277439,1,NA,"C","C"
"136","M. capitata","2015 Feb","Recovery","Reef 14","Recovery-Reef 14","57",945435.444338715,3.63799016593816,3.84795195454382,0.438419867513453,17.8946884699369,0.585269929,0.13554971,339.3338439,1.138617568,0.000368376,0.057000459,0.942999541,"DC","D"
"137","M. capitata","2015 Feb","Recovery","Reef 14","Recovery-Reef 14","58",1579652.95119796,6.41463875950901,4.06078990619068,0.642657138542359,13.6372867595195,1.32128595,1.376906539,435.7445822,1.764347773,0.000461935,1,NA,"C","C"
"138","M. capitata","2015 Feb","Recovery","Reef 14","Recovery-Reef 14","59",1463460.69343073,3.16964078748188,2.16585303705795,0.505177247925372,10.078349085793,1.053883573,0.379077041,681.3315824,1.826790311,0.000311885,0.000763405,0.999236595,"DC","D"
"139","M. capitata","2015 Feb","Recovery","Reef 14","Recovery-Reef 14","60",1350514.59702428,4.45032781830737,3.29528301886792,0.447198701467474,12.7407037455121,1.21906397,1.779436982,426.4591538,1.432099433,0.000616098,0.975449425,0.024550575,"CD","C"
"140","M. capitata","2015 Feb","Recovery","Reef 14","Recovery-Reef 14","61",1011132.88976494,3.83344834265629,3.79124087591241,0.493019540410937,14.7610640841598,0.774213014,0.793047808,343.8161129,1.094498729,0.00114313,0.749138108,0.250861892,"CD","C"
"141","M. capitata","2015 Feb","Recovery","Reef 14","Recovery-Reef 14","62",1149610.00156758,3.62025328319287,3.14911428941674,0.373453410836694,20.4072902096554,0.278731293,0.649095795,677.1244366,2.155784823,0.00067225,0.926328169,0.073671831,"CD","C"
"142","M. capitata","2015 Feb","Recovery","Reef 14","Recovery-Reef 14","63",1511480.99130992,3.88587055096627,2.57090269299291,0.511054233149557,18.5837902963475,0.620273855,0.451194873,318.0109225,1.206624004,0.00024602,NA,1,"D","D"
"143","M. capitata","2015 Feb","Recovery","Reef 14","Recovery-Reef 14","64",1335344.01688209,4.36451366591664,3.26845637583893,0.629135234799483,17.924080763518,0.351433447,0.416833216,239.649171,0.716335601,0.000395547,0.753971993,0.246028007,"CD","C"
"144","M. capitata","2015 Feb","Recovery","Reef 14","Recovery-Reef 14","65",711233.181749932,2.44427136794727,3.43666666666667,0.285678661336223,8.29772045374921,0.184801966,0.191151888,278.4323142,1.149547909,0.000283377,1,NA,"C","C"
"145","M. capitata","2015 Feb","Recovery","Reef 14","Recovery-Reef 14","66",935401.293668583,2.30868577314437,2.46812334852548,0.36639970603512,12.2541707704053,0.284154436,0.266429253,306.059013,1.10903884,0.001245574,0.223127247,0.776872753,"DC","D"
"146","M. capitata","2015 Feb","Recovery","Reef 14","Recovery-Reef 14","67",2317311.38574435,5.85741976914395,2.52767919114266,0.589523827885738,20.0215639659307,0.57453128,0.13255171,556.8289539,2.200358385,0.000247354,0.001673312,0.998326688,"DC","D"
"147","M. capitata","2015 Feb","Recovery","Reef 14","Recovery-Reef 14","68",1191138.33672415,5.00135364877883,4.19880167952067,0.475979069746599,14.2936657581561,0.150929207,0.443979061,164.7858023,0.72477973,0.013612957,1,NA,"C","C"
"148","M. capitata","2015 Feb","Recovery","Reef 14","Recovery-Reef 14","69",1856043.68502264,4.63663268661625,2.49812691588651,0.643133584600207,17.0743429539878,0.312930091,0.217825533,178.7597807,0.667470238,0.0005858,0.018667243,0.981332757,"DC","D"
"149","M. capitata","2015 Feb","Recovery","Reef 14","Recovery-Reef 14","70",1650893.90029784,3.9831090927821,2.41269841269841,0.518852368665036,33.1925757731841,0.841926199,0.754166375,634.844052,2.088732136,0.000209802,0.012002409,0.987997591,"DC","D"
"150","M. capitata","2015 Feb","Recovery","Reef 14","Recovery-Reef 14","71",1540025.38843883,4.92868122516722,3.20038959238431,0.470081718599858,21.5304603938866,0.833910149,0.469572215,747.0782609,2.540162077,0.000303245,1,NA,"C","C"
"151","M. capitata","2015 Feb","Recovery","Reef 14","Recovery-Reef 14","72",2309094.02831308,5.36243176438454,2.32230983174907,0.645810104408638,19.3191056874379,0.964877532,0.481276506,594.5133862,2.337628743,0.00024447,NA,1,"D","D"
"152","M. capitata","2015 Feb","Recovery","Reef 14","Recovery-Reef 14","73",1625419.05263531,4.70762442978686,2.8962527676505,0.486220314240672,11.2420881905358,1.289429651,0.384189194,769.1521834,2.219759789,0.000295021,NA,1,"D","D"
"153","M. capitata","2015 Feb","Recovery","Reef 14","Recovery-Reef 14","74",1105770.14833059,4.31860905783589,3.90552147239264,0.446378378896641,13.5677318813569,0.332933587,0.536031227,247.6461201,0.839120488,0.000403579,1,NA,"C","C"
"154","M. capitata","2015 Feb","Recovery","Reef 14","Recovery-Reef 14","75",2012433.77129297,6.33516606904511,3.14801220264497,0.657705786278272,13.9937401335802,0.621783611,0.305677692,249.2013074,0.909005176,0.000285893,0.011137965,0.988862035,"DC","D"
"155","M. capitata","2015 Feb","Recovery","Reef 14","Recovery-Reef 14","76",1472656.62483713,3.4259883720211,2.3264,0.483031372946579,10.6031276988273,0.665346463,0.88061177,301.7551174,0.70762048,0.000372733,NA,1,"D","D"
"156","M. capitata","2015 Feb","Recovery","Reef 14","Recovery-Reef 14","77",1314087.37150538,4.01832647452633,3.05788379194531,0.675286628221415,16.696647401079,0.39586685,0.56455227,437.485369,1.190264368,0.000543884,1,NA,"C","C"
"157","M. capitata","2015 Feb","Recovery","Reef 14","Recovery-Reef 14","78",1778129.50697091,4.77872304998432,2.6875,0.623652775606709,13.0744816689037,1.448747749,0.939090364,373.7835234,1.333026733,0.000693087,NA,1,"D","D"
"158","M. capitata","2015 Feb","Recovery","Reef 14","Recovery-Reef 14","79",1445862.27003423,4.09300765357755,2.83084200923277,0.668928727857414,22.9944250200986,0.579709167,0.159094514,274.6316314,1.004063156,0.000382633,0.046117919,0.953882081,"DC","D"
"159","M. capitata","2015 Feb","Recovery","Reef 14","Recovery-Reef 14","80",2272681.2476155,7.93214447876033,3.490214251155,1.01835505195497,26.1116679988453,0.714814006,0.345054058,403.5696753,1.222477234,0.00020654,1,NA,"C","C"
"160","M. capitata","2015 Oct","Bleaching","Lilipuna","Bleaching-Lilipuna","1",2180160.10696998,0.945519366869787,0.433692628283106,0.474797779897587,35.7452443572724,3.231241061,0.234024242,382.9944625,0.148924517,0.004610319,0.004112959,0.995887041,"DC","D"
"161","M. capitata","2015 Oct","Bleaching","Lilipuna","Bleaching-Lilipuna","2",268551.121515753,1.03460247736023,3.85253456221198,0.377787579634134,19.4916136584014,1.584065381,0.022110104,469.5289963,0.122833911,0.002363133,0.558652884,0.441347116,"CD","C"
"162","M. capitata","2015 Oct","Bleaching","Lilipuna","Bleaching-Lilipuna","3",2535995.86145891,3.84795105378699,1.51733333333333,0.860013537177808,53.3911662032482,7.08630324,1.504437633,970.392591,0.230036335,0.003417061,0.009286676,0.990713324,"DC","D"
"163","M. capitata","2015 Oct","Bleaching","Lilipuna","Bleaching-Lilipuna","4",1429938.15874948,4.82054152363046,3.37115384615385,0.522786496291002,36.6696641287006,4.098261039,0.106034127,559.1607123,0.174004721,0.005997171,0.994001649,0.005998351,"CD","C"
"164","M. capitata","2015 Oct","Bleaching","Lilipuna","Bleaching-Lilipuna","5",34724.1211544952,0.2685812053421,7.73471570805562,0.382785028251916,20.9721919916066,2.823699923,0.286503431,531.6369879,0.087757808,0.003995959,1,NA,"C","C"
"165","M. capitata","2015 Oct","Bleaching","Lilipuna","Bleaching-Lilipuna","6",285149.217401736,0.866598738919241,3.0391061452514,0.451878779988022,28.903616762777,3.307754489,0.402262716,395.6631992,0.091840803,0.003839435,1,NA,"C","C"
"166","M. capitata","2015 Oct","Bleaching","Lilipuna","Bleaching-Lilipuna","7",83420.7367688719,0.316310735021711,3.79175187457396,0.166456693967776,21.6708394021897,1.606594423,NA,653.4725491,0.081569495,0.00438422,0.963863216,0.036136784,"CD","C"
"167","M. capitata","2015 Oct","Bleaching","Lilipuna","Bleaching-Lilipuna","8",582345.256070745,2.21605978526381,3.80540540540541,0.291445354483945,28.7996199365896,6.509393174,0.624892866,898.5212131,0.269051095,0.005020271,1,NA,"C","C"
"168","M. capitata","2015 Oct","Bleaching","Lilipuna","Bleaching-Lilipuna","9",2889136.81252841,6.16222470145862,2.13289473684211,0.733430629808686,46.7964133713483,2.804483058,0.598768035,493.9118338,0.10235351,0.002907658,0.138079009,0.861920991,"DC","D"
"169","M. capitata","2015 Oct","Bleaching","Lilipuna","Bleaching-Lilipuna","10",35584.8912616412,0.0889304672729341,2.49910746162085,0.345858641783905,51.7278884637567,1.535637099,NA,631.3575325,0.137993292,0.001984587,0.310989274,0.689010726,"DC","D"
"170","M. capitata","2015 Oct","Bleaching","Lilipuna","Bleaching-Lilipuna","11",1743818.44144015,5.02603855600348,2.88220289255152,0.67587996742244,24.1414953558991,4.113089887,0.347974325,743.3437029,0.354797351,0.004669687,0.993067577,0.006932423,"CD","C"
"171","M. capitata","2015 Oct","Bleaching","Lilipuna","Bleaching-Lilipuna","12",89142.6601727318,0.21073914934452,2.36406619385343,0.286724088897243,30.9231972827643,2.740372039,0.035772637,555.8242447,0.178863185,0.003367039,0.94024239,0.05975761,"CD","C"
"172","M. capitata","2015 Oct","Bleaching","Lilipuna","Bleaching-Lilipuna","13",94146.1323695016,0.304652653060859,3.23595505617978,0.277530673049699,21.131046519249,3.853108715,0.145429683,853.6845625,0.412050769,0.001761059,1,NA,"C","C"
"173","M. capitata","2015 Oct","Bleaching","Lilipuna","Bleaching-Lilipuna","14",1019096.17350957,1.66392254393484,1.63274339280915,0.368224972705226,30.4362042095964,2.591518549,0.256499895,804.8644821,0.225408999,0.002092633,0.020932574,0.979067426,"DC","D"
"174","M. capitata","2015 Oct","Bleaching","Lilipuna","Bleaching-Lilipuna","15",2439498.45563506,3.67902857046286,1.50810858763389,0.629265286533874,28.4362613099659,2.659000079,0.981417426,570.9607994,0.218092761,0.00408908,0.907710184,0.092289816,"CD","C"
"175","M. capitata","2015 Oct","Bleaching","Lilipuna","Bleaching-Lilipuna","16",2291001.75851007,4.37759194562851,1.91077633588349,0.588793050691265,50.1352591070292,2.592060348,0.69466424,459.0457094,0.151013965,0.001733858,0.036975977,0.963024023,"DC","D"
"176","M. capitata","2015 Oct","Bleaching","Lilipuna","Bleaching-Lilipuna","17",2167808.56619081,4.51665920835334,2.08351386685857,0.669706280136516,92.2933979283774,3.025432646,0.266976058,693.2009926,0.18540004,0.001604671,0.021949312,0.978050688,"DC","D"
"177","M. capitata","2015 Oct","Bleaching","Lilipuna","Bleaching-Lilipuna","18",664946.605954115,2.49179991283858,3.74736842105263,0.413146253747309,26.6211956980226,4.31858661,0.574123755,556.9074224,0.432945783,0.003100389,0.276767271,0.723232729,"DC","D"
"178","M. capitata","2015 Oct","Bleaching","Lilipuna","Bleaching-Lilipuna","19",1879127.6709458,4.3538828632147,2.31697022535105,0.590023899477032,45.377712605945,2.75134913,0.087811463,568.0298135,0.163914731,0.005574762,0.798502879,0.201497121,"CD","C"
"179","M. capitata","2015 Oct","Bleaching","Lilipuna","Bleaching-Lilipuna","20",1079354.21521945,3.35490206127352,3.10824937167768,0.671249527614057,38.8904568104694,3.742126151,0.50845032,535.620463,0.164187082,0.004406254,0.809515851,0.190484149,"CD","C"
"180","M. capitata","2015 Oct","Bleaching","Lilipuna","Bleaching-Lilipuna","21",1975161.47814508,4.63885508819592,2.34859536272061,0.445489465523548,43.0800844228308,3.697184757,0.371326994,565.4061726,0.339498966,0.002877516,0.004878768,0.995121232,"DC","D"
"181","M. capitata","2015 Oct","Bleaching","Lilipuna","Bleaching-Lilipuna","22",46141.6620343157,0.18471031171304,4.00311353274769,0.652494199220623,32.0421082402204,2.068274109,NA,650.6211765,0.157647911,0.002272407,0.874843245,0.125156755,"CD","C"
"182","M. capitata","2015 Oct","Bleaching","Lilipuna","Bleaching-Lilipuna","23",2305523.15451205,5.16382149632463,2.23976128204078,0.689792585134969,56.3381955779456,3.127865023,0.334509498,661.7358609,0.168761548,0.002838129,0.011019498,0.988980502,"DC","D"
"183","M. capitata","2015 Oct","Bleaching","Lilipuna","Bleaching-Lilipuna","24",430182.851800184,2.36258208435035,5.49204152249135,0.46235977889976,34.3789036165296,2.300593242,0.017395758,581.4779612,0.15656182,0.001824447,0.8689131,0.1310869,"CD","C"
"184","M. capitata","2015 Oct","Bleaching","Lilipuna","Bleaching-Lilipuna","25",1351035.28690757,5.04615982320129,3.73503184713376,0.278064840390191,35.4194983497553,2.149471033,0.374466236,419.3891681,0.09486478,0.002420108,NA,1,"D","D"
"185","M. capitata","2015 Oct","Bleaching","Lilipuna","Bleaching-Lilipuna","26",448529.502941862,1.5727657895364,3.50649350649351,0.262075289943924,33.6338876621599,1.817210653,0.302267207,522.3375466,0.225500932,0.002001352,1,NA,"C","C"
"186","M. capitata","2015 Oct","Bleaching","Lilipuna","Bleaching-Lilipuna","27",70060.3518159051,1.0588499401435,15.1133974166416,0.115860043112762,17.1717838118925,0.787983146,NA,565.7210819,0.159429437,0.003223551,1,NA,"C","C"
"187","M. capitata","2015 Oct","Bleaching","Lilipuna","Bleaching-Lilipuna","28",1247755.78135877,4.65489299657924,3.73061224489796,0.263128900591523,29.4775937245084,2.097242544,0.684283057,641.2973782,0.146214328,0.001904036,1,NA,"C","C"
"188","M. capitata","2015 Oct","Bleaching","Lilipuna","Bleaching-Lilipuna","29",657854.239711266,1.9894090516292,3.02408790813959,0.262811766673705,34.2360555233961,1.95954608,0.077568328,638.0049725,0.193920819,NA,0.992039739,0.007960261,"CD","C"
"189","M. capitata","2015 Oct","Bleaching","Lilipuna","Bleaching-Lilipuna","30",24598.8664633534,0.113854357505878,4.62843918745179,0.180952209267239,31.5840421377418,2.848126553,NA,815.1392195,0.105032549,0.003584436,0.33710821,0.66289179,"DC","D"
"190","M. capitata","2015 Oct","Bleaching","Lilipuna","Bleaching-Lilipuna","31",1469494.0925012,3.33159264443292,2.26716981132075,0.363529790163114,30.498933995308,1.918259375,0.647715444,452.5424434,0.119947304,0.003861763,0.014792785,0.985207215,"DC","D"
"191","M. capitata","2015 Oct","Bleaching","Lilipuna","Bleaching-Lilipuna","32",2325595.19722879,5.46024206994325,2.34789015579742,0.550225025042562,47.7687022025245,3.482659536,0.754622916,727.3218274,0.281134027,0.004658658,0.04327893,0.95672107,"DC","D"
"192","M. capitata","2015 Oct","Bleaching","Lilipuna","Bleaching-Lilipuna","33",2676949.97022324,6.34041230396429,2.3685210312076,0.366682327530259,42.9329018290891,6.009990801,2.178898631,710.370321,0.257603779,0.004428082,0.151913475,0.848086525,"DC","D"
"193","M. capitata","2015 Oct","Bleaching","Lilipuna","Bleaching-Lilipuna","34",62792.6482505597,0.0911800313415679,1.45208131655373,0.216358911848822,51.7256719464769,NA,NA,NA,NA,NA,0.132345493,0.867654507,"DC","D"
"194","M. capitata","2015 Oct","Bleaching","Lilipuna","Bleaching-Lilipuna","35",2506593.9420211,1.26682462085638,0.505396825396825,0.419367241621922,50.6411550699119,0.830597272,0.042214163,560.0744806,0.196999427,0.005511044,0.099313604,0.900686396,"DC","D"
"195","M. capitata","2015 Oct","Bleaching","Lilipuna","Bleaching-Lilipuna","36",550237.141099621,1.76716938131801,3.21165048543689,0.163664313102269,28.9542262598053,3.097764067,NA,365.2836619,0.129791271,0.001940304,1,NA,"C","C"
"196","M. capitata","2015 Oct","Bleaching","Lilipuna","Bleaching-Lilipuna","37",50141.8106361901,0.0811859273770475,1.61912636075513,0.320026845129507,24.3644150138991,1.968284607,0.083978736,741.414844,0.023993924,0.00443668,0.716685874,0.283314126,"CD","C"
"197","M. capitata","2015 Oct","Bleaching","Lilipuna","Bleaching-Lilipuna","38",2294989.20365605,4.48437026890062,1.95398316547928,0.971625176395915,47.250395971908,1.707734851,0.053775328,388.0372236,0.147882153,0.004018126,0.009712162,0.990287838,"DC","D"
"198","M. capitata","2015 Oct","Bleaching","Lilipuna","Bleaching-Lilipuna","39",2038136.46968764,4.3742978413773,2.14622421336079,0.744739500911643,26.3233717228153,2.56803349,0.365945443,359.7349836,0.128952204,0.004729268,0.020334171,0.979665829,"DC","D"
"199","M. capitata","2015 Oct","Bleaching","Lilipuna","Bleaching-Lilipuna","40",1306266.81380327,3.75217191733606,2.87243913547141,0.759688263857038,39.0645530209495,2.932037501,0.356100958,608.0657519,0.164354288,0.003362828,0.994517006,0.005482994,"CD","C"
"200","M. capitata","2015 Oct","Bleaching","Reef 14","Bleaching-Reef 14","41",2377985.88903545,4.64458069048432,1.95315738074806,0.387441588859615,24.9031377765863,2.073448795,0.360473555,453.8658509,0.186912213,0.002357981,0.01785712,0.98214288,"DC","D"
"201","M. capitata","2015 Oct","Bleaching","Reef 14","Bleaching-Reef 14","42",473556.147143994,2.6513099689764,5.59872358318309,0.231254927563229,14.9295300722196,1.357830997,0.044573645,564.7479871,0.099052545,0.00245878,0.99490581,0.00509419,"CD","C"
"202","M. capitata","2015 Oct","Bleaching","Reef 14","Bleaching-Reef 14","43",1093480.12236187,3.76311309070085,3.44140969162996,0.274049464223643,25.7329110733794,1.183479037,0.092113774,605.1532748,0.331609586,0.003355056,0.028987021,0.971012979,"DC","D"
"203","M. capitata","2015 Oct","Bleaching","Reef 14","Bleaching-Reef 14","44",895183.063814534,2.38639789771451,2.66582109758158,0.598396646209519,23.2520820802952,0.444689087,0.138526771,461.8963457,0.281671101,0.003116919,1,NA,"C","C"
"204","M. capitata","2015 Oct","Bleaching","Reef 14","Bleaching-Reef 14","45",1140176.06101392,1.00083901504443,0.877793394604706,0.505070148272206,23.9784347354395,1.214242586,0.052637158,631.2342239,0.339217242,0.003360199,0.97339917,0.02660083,"CD","C"
"205","M. capitata","2015 Oct","Bleaching","Reef 14","Bleaching-Reef 14","46",3024150.8097696,4.7849212460003,1.5822363192148,0.241723089876093,38.0265082761406,0.527248702,0.398289862,827.4270703,0.215740342,0.004322228,0.052473285,0.947526715,"DC","D"
"206","M. capitata","2015 Oct","Bleaching","Reef 14","Bleaching-Reef 14","47",883223.188255458,4.14731353734937,4.69565744253289,0.691744118461637,34.7690550675992,2.546398156,0.350890524,730.6725345,0.168135043,0.002967633,1,NA,"C","C"
"207","M. capitata","2015 Oct","Bleaching","Reef 14","Bleaching-Reef 14","48",353558.755293922,1.53251649567402,4.33454545454545,0.313278878550566,28.5032640176955,1.458965309,0.053392438,721.7200656,0.160177313,0.002597643,1,NA,"C","C"
"208","M. capitata","2015 Oct","Bleaching","Reef 14","Bleaching-Reef 14","49",2727563.76005286,7.1842236267028,2.63393425734751,0.83199297553082,34.5386277316649,3.6490831,1.172305375,628.0258973,0.365144297,0.001836842,0.031137611,0.968862389,"DC","D"
"209","M. capitata","2015 Oct","Bleaching","Reef 14","Bleaching-Reef 14","50",1521442.56626435,3.99490291891352,2.62573363431151,0.34131640980638,19.1296503252651,1.931170476,0.279975619,500.2293431,0.248867217,0.002103776,0.034983979,0.965016021,"DC","D"
"210","M. capitata","2015 Oct","Bleaching","Reef 14","Bleaching-Reef 14","51",655470.038527323,2.48124290446358,3.78544061302682,0.443732042140512,27.13294366379,1.32414088,0.106818687,616.1501322,0.148898776,0.001709165,0.028662012,0.971337988,"DC","D"
"211","M. capitata","2015 Oct","Bleaching","Reef 14","Bleaching-Reef 14","52",3799273.46630496,5.86626795377473,1.54404993633692,0.493775573147524,46.2783360797784,3.522137218,1.489491942,580.8340528,0.30735548,0.002213554,0.028494599,0.971505401,"DC","D"
"212","M. capitata","2015 Oct","Bleaching","Reef 14","Bleaching-Reef 14","53",2688237.01980926,6.29531717802909,2.34180138568129,0.438899346777029,30.0238203875233,2.317876783,0.168908476,785.3125325,0.352831038,0.001517345,0.022497533,0.977502467,"DC","D"
"213","M. capitata","2015 Oct","Bleaching","Reef 14","Bleaching-Reef 14","54",2046082.78385988,1.0847486504908,0.53015873015873,0.547861808848195,40.1909118258192,0.477005996,0.013346028,485.3309695,0.142357635,0.004101226,0.037288232,0.962711768,"DC","D"
"214","M. capitata","2015 Oct","Bleaching","Reef 14","Bleaching-Reef 14","55",1300569.0228564,2.74020386599581,2.10692690494625,0.490072737026471,14.7819301975345,0.782609469,0.315660785,770.133454,0.514410168,0.002721384,1,NA,"C","C"
"215","M. capitata","2015 Oct","Bleaching","Reef 14","Bleaching-Reef 14","56",294533.400892696,0.311444597293782,1.0574169053487,0.311863892457567,8.33175605752461,1.130064667,NA,630.3523578,0.125335804,0.00161497,0.895171843,0.104828157,"CD","C"
"216","M. capitata","2015 Oct","Bleaching","Reef 14","Bleaching-Reef 14","57",2162116.75199878,5.09781753678181,2.35779012954278,0.515157734737079,40.5152634157276,NA,NA,NA,NA,NA,0.052273757,0.947726243,"DC","D"
"217","M. capitata","2015 Oct","Bleaching","Reef 14","Bleaching-Reef 14","58",780349.646551256,0.603988716316357,0.773997552232741,0.405518061884097,22.961008543714,2.013404395,NA,444.1510373,0.140365755,0.002679468,0.904244663,0.095755337,"CD","C"
"218","M. capitata","2015 Oct","Bleaching","Reef 14","Bleaching-Reef 14","59",2790547.29954826,5.61910650685924,2.01362166760939,0.555183017318421,34.8991093703227,1.029060567,0.128163069,397.6034383,0.160203836,0.00411242,0.019640443,0.980359557,"DC","D"
"219","M. capitata","2015 Oct","Bleaching","Reef 14","Bleaching-Reef 14","60",704214.131637674,3.01266533757356,4.2780529418907,0.390943950988211,15.9294818531119,1.338011631,0.265008678,415.5128155,0.071510278,0.003185445,0.980967759,0.019032241,"CD","C"
"220","M. capitata","2015 Oct","Bleaching","Reef 14","Bleaching-Reef 14","61",71835.2858272309,0.336494225769471,4.68424705065926,0.479867666791204,40.3325717832019,1.674900239,0.012448961,437.1605432,0.120339952,0.000346252,1,NA,"C","C"
"221","M. capitata","2015 Oct","Bleaching","Reef 14","Bleaching-Reef 14","62",1246929.26153216,4.72742982506399,3.79125742807189,0.462378489381378,29.979080654033,2.158921212,0.35910324,549.0902197,0.260219739,0.001312657,0.973613698,0.026386302,"CD","C"
"222","M. capitata","2015 Oct","Bleaching","Reef 14","Bleaching-Reef 14","63",2227048.99791209,5.24710871201518,2.35608139602427,0.638164676126448,39.4243074904568,1.417424759,NA,359.047759,0.095642178,0.001777931,0.021276601,0.978723399,"DC","D"
"223","M. capitata","2015 Oct","Bleaching","Reef 14","Bleaching-Reef 14","64",2322392.16452543,6.11059547652777,2.63116435280277,0.750139644863465,49.1378046993308,2.392663383,1.537956829,533.7575569,0.261666266,0.002070253,NA,1,"D","D"
"224","M. capitata","2015 Oct","Bleaching","Reef 14","Bleaching-Reef 14","65",275779.949188483,0.934686451443118,3.38924731182796,0.161239361022405,21.0581219982489,2.413020496,0.174083349,510.3453142,0.106384269,0.001259625,0.913000596,0.086999404,"CD","C"
"225","M. capitata","2015 Oct","Bleaching","Reef 14","Bleaching-Reef 14","66",82210.8282403777,1.0359382376479,12.6009950248756,0.13838455823557,11.278834823665,0.604765043,NA,464.4904321,0.113508088,0.001759741,0.421047563,0.578952437,"DC","D"
"226","M. capitata","2015 Oct","Bleaching","Reef 14","Bleaching-Reef 14","67",1000436.16559132,3.50959668991775,3.50806659197827,0.313230869365136,34.8384493223492,3.034964537,0.475780727,516.1693217,0.221527534,0.002419186,1,NA,"C","C"
"227","M. capitata","2015 Oct","Bleaching","Reef 14","Bleaching-Reef 14","68",1136107.40588609,3.50027900492588,3.08094022342535,0.246311429152166,26.9567460773418,1.89663392,0.607477608,909.414944,0.730733934,0.003764992,0.655162855,0.344837145,"CD","C"
"228","M. capitata","2015 Oct","Bleaching","Reef 14","Bleaching-Reef 14","69",2347678.83432249,4.70728182875467,2.00507912749195,0.503718270470255,24.7311144103418,1.139460741,NA,672.355334,0.161146034,0.001733918,0.394597698,0.605402302,"DC","D"
"229","M. capitata","2015 Oct","Bleaching","Reef 14","Bleaching-Reef 14","70",945498.246473976,3.40663729105511,3.60300751879699,0.333517150040797,41.5166147323911,1.066745152,0.150072033,577.1257278,0.27705606,0.00219714,1,NA,"C","C"
"230","M. capitata","2015 Oct","Bleaching","Reef 14","Bleaching-Reef 14","71",1759286.52898249,5.15909772733036,2.93249430512846,0.326368539296331,27.9997440192312,1.85875226,0.110322581,569.657071,0.207272727,0.003590667,1,NA,"C","C"
"231","M. capitata","2015 Oct","Bleaching","Reef 14","Bleaching-Reef 14","72",1541931.57041843,4.72911555378368,3.06700741103599,0.352399724619212,31.6382818565538,2.005421065,0.29176781,694.2337081,0.357650864,0.001537764,0.023063028,0.976936972,"DC","D"
"232","M. capitata","2015 Oct","Bleaching","Reef 14","Bleaching-Reef 14","73",1170227.46093458,4.32603079625817,3.6967435312134,0.848001607036009,35.1911525241269,1.529387569,0.093993099,575.3529343,0.213051024,0.002735179,1,NA,"C","C"
"233","M. capitata","2015 Oct","Bleaching","Reef 14","Bleaching-Reef 14","74",1227997.78424434,4.98172811593263,4.05678917327866,0.349517914749813,37.0653558227428,1.721823642,0.01721785,438.0957077,0.132003513,0.003180814,1,NA,"C","C"
"234","M. capitata","2015 Oct","Bleaching","Reef 14","Bleaching-Reef 14","75",1919055.47059255,3.72579682377832,1.94147427256383,0.295940924431391,35.4201312395069,2.244576545,0.138160795,718.5682022,0.184214393,0.00461223,1,NA,"C","C"
"235","M. capitata","2015 Oct","Bleaching","Reef 14","Bleaching-Reef 14","76",3651564.4215369,6.23322712484313,1.70700182313082,0.297549395535558,44.3014206605278,0.875841109,0.130261527,596.2251315,0.124058597,0.004465288,0.078912543,0.921087457,"DC","D"
"236","M. capitata","2015 Oct","Bleaching","Reef 14","Bleaching-Reef 14","77",788901.384276866,3.4657948473508,4.3931914893617,0.475190344399527,24.4794421027528,NA,0.193002913,524.1988555,0.163760048,0.003132018,1,NA,"C","C"
"237","M. capitata","2015 Oct","Bleaching","Reef 14","Bleaching-Reef 14","78",600757.54442153,2.56926922372379,4.27671570266793,0.589762093233509,27.5126897554231,NA,0.061412106,510.3221945,0.127941888,0.003162077,0.033975079,0.966024921,"DC","D"
"238","M. capitata","2015 Oct","Bleaching","Reef 14","Bleaching-Reef 14","79",550392.754521844,1.12481394889992,2.0436568971136,0.418675049631787,22.2951200005498,NA,0.058176246,558.1279632,0.032320137,0.001401513,1,NA,"C","C"
"239","M. capitata","2015 Oct","Bleaching","Reef 14","Bleaching-Reef 14","80",1737680.38932173,2.30384579064717,1.32581676400597,0.428634454098106,30.702271454951,NA,0.215905148,452.1672009,0.187117795,0.001770684,0.087436819,0.912563181,"DC","D"
"240","M. capitata","2016 Feb","Recovery","Lilipuna","Recovery-Lilipuna","1",3238809.58651602,8.36530859271803,2.58283433133733,0.919962974344215,38.54248054852,1.22345181,1.328927111,722.605835,0.40890065,0.002485384,0.024604194,0.975395806,"DC","D"
"241","M. capitata","2016 Feb","Recovery","Lilipuna","Recovery-Lilipuna","2",2619935.05530041,3.55732404747298,1.3577909270217,0.582900735156501,30.7881125433527,0.77062714,0.695294223,598.0618382,0.607282296,0.001614051,0.038677305,0.961322695,"DC","D"
"242","M. capitata","2016 Feb","Recovery","Lilipuna","Recovery-Lilipuna","3",2182066.60915588,3.48245684502002,1.59594433570806,0.532430935683183,28.6051660495633,0.688074147,0.407765629,500.590749,0.218985245,0.00189837,0.03500446,0.96499554,"DC","D"
"243","M. capitata","2016 Feb","Recovery","Lilipuna","Recovery-Lilipuna","4",2928582.5716672,5.29960807680546,1.80961538461538,0.844106422813358,25.6720299150955,0.187847855,0.379709158,518.5725058,0.157121031,0.002094403,0.017222344,0.982777656,"DC","D"
"244","M. capitata","2016 Feb","Recovery","Lilipuna","Recovery-Lilipuna","5",2040159.33045924,6.91452095618503,3.38920634920635,0.678821307286223,36.0363381418261,0.671250971,0.88428945,638.3635289,0.251218594,0.001983999,1,NA,"C","C"
"245","M. capitata","2016 Feb","Recovery","Lilipuna","Recovery-Lilipuna","6",2131779.34157581,4.96147879880129,2.32738853503185,0.47098438097295,40.4902292775737,0.781574701,0.460115895,482.6671439,0.258577528,0.001922213,0.813286601,0.186713399,"CD","C"
"246","M. capitata","2016 Feb","Recovery","Lilipuna","Recovery-Lilipuna","7",2185234.16151276,3.16932837176734,1.45033810453216,0.478562650521582,23.6247287997321,0.379986477,0.183717082,556.7269847,0.26945172,0.001797597,0.012423817,0.987576183,"DC","D"
"247","M. capitata","2016 Feb","Recovery","Lilipuna","Recovery-Lilipuna","8",1798274.15613721,5.40875768210776,3.00774921535106,0.77050193159833,44.5827765439907,1.196276511,0.580878718,593.733937,0.044005963,0.001445363,1,NA,"C","C"
"248","M. capitata","2016 Feb","Recovery","Lilipuna","Recovery-Lilipuna","9",1162976.29583325,3.68220709968184,3.16619273572006,0.397201206160868,19.8321883736241,0.607175441,0.714691803,474.8260228,0.18807679,0.002162877,0.9983382,0.0016618,"CD","C"
"249","M. capitata","2016 Feb","Recovery","Lilipuna","Recovery-Lilipuna","10",1965058.90980526,4.36136031966116,2.21945525291829,0.457690923716786,33.4595244720148,0.481578583,1.253368526,661.11137,0.218842124,0.003110281,0.018949939,0.981050061,"DC","D"
"250","M. capitata","2016 Feb","Recovery","Lilipuna","Recovery-Lilipuna","11",2206992.30173396,3.81780807634598,1.72986923123676,0.630557020433992,49.5971103251433,1.007134644,1.778605588,705.0972623,0.509791411,0.002442165,0.032974934,0.967025066,"DC","D"
"251","M. capitata","2016 Feb","Recovery","Lilipuna","Recovery-Lilipuna","12",2128264.77355741,2.77112727030711,1.30205945460214,0.27656064652758,21.0083010449492,0.858122432,0.680223777,677.586893,0.391643993,0.002240229,0.014084232,0.985915768,"DC","D"
"252","M. capitata","2016 Feb","Recovery","Lilipuna","Recovery-Lilipuna","13",2437937.26732242,4.05635098541762,1.66384551390557,0.663984894508995,45.4862659044403,0.696542013,0.972586256,769.5713699,0.560667371,0.002525151,0.012703273,0.987296727,"DC","D"
"253","M. capitata","2016 Feb","Recovery","Lilipuna","Recovery-Lilipuna","14",1688038.29908416,5.15267324828662,3.05246228778233,0.650115340750422,40.6417102458607,0.9093324,1.054461643,873.0746282,0.398637938,0.001719844,0.992424844,0.007575156,"CD","C"
"254","M. capitata","2016 Feb","Recovery","Lilipuna","Recovery-Lilipuna","15",2375311.04206716,4.45738925773252,1.87654971445482,0.419110466094543,19.1480828414444,0.445792877,0.633175066,683.4196825,0.266600028,0.002226037,0.022866292,0.977133708,"DC","D"
"255","M. capitata","2016 Feb","Recovery","Lilipuna","Recovery-Lilipuna","16",2531967.4774902,4.25227308785619,1.6794343235685,0.652381731439701,30.4551471295141,0.718320404,0.520522869,521.6456164,0.134074072,0.002371707,0.02334345,0.97665655,"DC","D"
"256","M. capitata","2016 Feb","Recovery","Lilipuna","Recovery-Lilipuna","17",1345434.54879615,4.66390053582657,3.46646408032236,0.539160740688587,30.7730032751701,0.495923496,0.520573054,360.5623419,0.13377855,0.001642709,1,NA,"C","C"
"257","M. capitata","2016 Feb","Recovery","Lilipuna","Recovery-Lilipuna","18",2214869.88852169,6.37981052299911,2.88044483157306,0.520604827912156,19.5390948732223,1.044556219,2.909290436,581.5147683,0.528187429,0.001295569,0.029903106,0.970096894,"DC","D"
"258","M. capitata","2016 Feb","Recovery","Lilipuna","Recovery-Lilipuna","19",3919703.68433695,3.61413028755023,0.922041709936446,0.527944763223633,40.9293659936802,1.337271466,1.506482512,800.2399357,0.249983998,0.002468196,0.017964413,0.982035587,"DC","D"
"259","M. capitata","2016 Feb","Recovery","Lilipuna","Recovery-Lilipuna","20",602553.777636922,6.33462146101126,10.5129561810303,0.503504200763936,28.1828142303215,0.66699638,1.430389857,700.5742984,0.101446089,0.00191898,0.998023919,0.001976081,"CD","C"
"260","M. capitata","2016 Feb","Recovery","Lilipuna","Recovery-Lilipuna","21",1809973.43330201,2.92743637535596,1.61739190282772,0.349866510642609,25.7883636772091,0.450187247,0.538365042,798.0390633,0.408024032,0.001599565,0.174932719,0.825067281,"DC","D"
"261","M. capitata","2016 Feb","Recovery","Lilipuna","Recovery-Lilipuna","22",1096565.97265097,4.44254780778421,4.05132743362832,0.388126265434265,33.4112977330735,1.16868986,1.506472949,671.4915236,1.122658185,0.001652032,1,NA,"C","C"
"262","M. capitata","2016 Feb","Recovery","Lilipuna","Recovery-Lilipuna","23",1875698.55910245,3.50888976242374,1.8707109121536,0.716060580972198,31.6482946386273,0.583372097,1.33514738,885.0267837,0.351024663,0.001528163,0.019426715,0.980573285,"DC","D"
"263","M. capitata","2016 Feb","Recovery","Lilipuna","Recovery-Lilipuna","24",1793829.18833859,3.44819268862745,1.92225252607306,0.468891353324343,16.9091290002986,0.787252706,1.54795172,655.0274556,0.248866836,0.001759549,NA,1,"D","D"
"264","M. capitata","2016 Feb","Recovery","Lilipuna","Recovery-Lilipuna","25",1419163.6974973,3.75052972540905,2.64277456647399,0.40747159990937,26.135581157378,1.597365232,2.934853776,558.2216695,0.370010218,0.001252003,NA,1,"D","D"
"265","M. capitata","2016 Feb","Recovery","Lilipuna","Recovery-Lilipuna","26",2267029.34694508,5.95157936323874,2.62527671785932,0.388198423193735,11.0402965473427,0.970916878,1.353164402,730.2828518,0.352042771,0.002242437,NA,1,"D","D"
"266","M. capitata","2016 Feb","Recovery","Lilipuna","Recovery-Lilipuna","27",2240596.64083914,3.41326139615955,1.52337164750958,0.332126146792732,19.7790600018903,0.579748192,0.711324443,641.9173674,0.586362041,0.002885392,NA,1,"D","D"
"267","M. capitata","2016 Feb","Recovery","Lilipuna","Recovery-Lilipuna","28",1566683.63169658,3.30154234250183,2.10734463276836,0.333380276603749,23.3763359961054,0.428318404,0.599440477,410.2229758,0.271911144,0.002385681,0.010102731,0.989897269,"DC","D"
"268","M. capitata","2016 Feb","Recovery","Lilipuna","Recovery-Lilipuna","29",2246535.28542529,5.10565366724771,2.27267904509284,0.596156006110761,34.3356400918316,0.742781071,0.006146542,381.0916926,NA,0.002194949,NA,1,"D","D"
"269","M. capitata","2016 Feb","Recovery","Lilipuna","Recovery-Lilipuna","30",1290072.53187978,4.93767743882855,3.8274417265778,0.249804294959864,19.2402844180908,0.257225925,0.821621382,619.9783044,0.291207578,0.002428097,1,NA,"C","C"
"270","M. capitata","2016 Feb","Recovery","Lilipuna","Recovery-Lilipuna","31",3400996.15258972,6.16889512216339,1.81384948567673,0.148270937121471,28.0566340265128,0.711331439,0.499212991,612.5236554,0.072801895,0.00259768,0.231953059,0.768046941,"DC","D"
"271","M. capitata","2016 Feb","Recovery","Lilipuna","Recovery-Lilipuna","32",799470.063918132,2.83550098791432,3.54672565726574,0.480862584057054,22.5943477930248,0.558480707,0.659820668,811.2950256,0.296246014,0.002779976,0.939684996,0.060315004,"CD","C"
"272","M. capitata","2016 Feb","Recovery","Lilipuna","Recovery-Lilipuna","33",1100894.5074321,3.49217071811641,3.1721211201808,0.335621297530911,15.4696097108468,0.844097649,0.651902946,821.0675124,0.551610185,0.002519181,1,NA,"C","C"
"273","M. capitata","2016 Feb","Recovery","Lilipuna","Recovery-Lilipuna","34",778137.522660694,2.96688280754121,3.81280007857289,0.24074077713909,13.3989836172807,0.975856659,1.059389271,860.2437088,0.272591391,0.002072696,1,NA,"C","C"
"274","M. capitata","2016 Feb","Recovery","Lilipuna","Recovery-Lilipuna","35",2113362.1370542,3.61514037592551,1.71061093247588,0.345456195626588,36.8581229304886,0.472830903,0.481577131,603.1277173,NA,0.001689595,0.023792459,0.976207541,"DC","D"
"275","M. capitata","2016 Feb","Recovery","Lilipuna","Recovery-Lilipuna","36",2911802.74201261,4.4414019063328,1.52531002263668,0.497676212480261,35.3739974840665,0.352030473,0.617004553,711.5130112,0.516807233,0.002279874,NA,1,"D","D"
"276","M. capitata","2016 Feb","Recovery","Lilipuna","Recovery-Lilipuna","37",1178570.03954162,2.57510608947201,2.18494107526571,0.344715846095302,25.4741677668199,0.671700922,1.106442201,789.1351237,0.960087412,0.001852554,0.003582446,0.996417554,"DC","D"
"277","M. capitata","2016 Feb","Recovery","Lilipuna","Recovery-Lilipuna","38",1027616.50420009,4.38370508728131,4.26589595375723,0.550956479431251,30.5314961363495,0.860524138,0.962613282,825.0233365,0.520658756,0.001499356,1,NA,"C","C"
"278","M. capitata","2016 Feb","Recovery","Lilipuna","Recovery-Lilipuna","39",2253220.58608011,3.65729357938954,1.62314049586777,0.455598010753262,49.2356630545109,1.069079692,0.772558293,1009.104186,0.602595469,0.002140775,0.041827503,0.958172497,"DC","D"
"279","M. capitata","2016 Feb","Recovery","Lilipuna","Recovery-Lilipuna","40",2227166.63629203,3.84167746698611,1.72491694352159,0.364361886767178,41.8352164837047,0.565632539,0.469345344,670.0215919,0.337506764,0.002038487,0.014019411,0.985980589,"DC","D"
"280","M. capitata","2016 Feb","Recovery","Reef 14","Recovery-Reef 14","41",2140477.64478785,5.24355159457277,2.44971098265896,0.443658906031983,19.1962489357708,0.590872545,0.989347838,707.7153419,0.560233113,0.003747874,0.972584102,0.027415898,"CD","C"
"281","M. capitata","2016 Feb","Recovery","Reef 14","Recovery-Reef 14","42",1395549.03141561,5.52038013871885,3.95570489782012,0.408939081062379,19.9118535945706,0.542621159,0.889387285,518.7419763,0.24663681,0.00265528,1,NA,"C","C"
"282","M. capitata","2016 Feb","Recovery","Reef 14","Recovery-Reef 14","43",2130536.45843481,4.07975006644522,1.91489333603913,0.385696898342032,14.1947166104939,0.431909139,0.496496755,748.2856285,0.464116532,0.005114978,0.144932118,0.855067882,"DC","D"
"283","M. capitata","2016 Feb","Recovery","Reef 14","Recovery-Reef 14","44",935322.649982831,4.82109398446435,5.15447154471545,0.309493092469022,21.3451274674944,0.249842928,0.292326201,426.0483414,0.168899583,0.002823944,1,NA,"C","C"
"284","M. capitata","2016 Feb","Recovery","Reef 14","Recovery-Reef 14","45",846383.638213416,2.26519609915167,2.67632311977716,0.452296382624963,24.5191917476867,0.327305483,0.945374165,694.9568798,0.460247949,0.002869399,1,NA,"C","C"
"285","M. capitata","2016 Feb","Recovery","Reef 14","Recovery-Reef 14","46",1626339.05535404,4.29429092152153,2.64046473420434,0.32489113716601,17.2263638464678,0.632852971,0.457611909,662.2213151,0.624016239,0.003063688,0.103481427,0.896518573,"DC","D"
"286","M. capitata","2016 Feb","Recovery","Reef 14","Recovery-Reef 14","47",2447663.95122015,2.94888608583296,1.20477571455957,0.368189854829978,28.1363140126191,0.833341523,0.640529473,568.7927228,0.475821894,0.002806977,0.031614745,0.968385255,"DC","D"
"287","M. capitata","2016 Feb","Recovery","Reef 14","Recovery-Reef 14","48",2105466.46202655,5.16963043382983,2.45533734546119,0.6492408926801,22.6081553242357,0.606652148,0.566243411,783.0825994,0.471869509,0.002408246,0.039511821,0.960488179,"DC","D"
"288","M. capitata","2016 Feb","Recovery","Reef 14","Recovery-Reef 14","49",1396014.3821786,5.1926267603953,3.71960835553267,0.461622809298196,30.7728020700812,0.395091866,0.543319348,188.9262871,0.384021529,0.001152306,0.849050855,0.150949145,"CD","C"
"289","M. capitata","2016 Feb","Recovery","Reef 14","Recovery-Reef 14","50",2113974.99950031,4.1238221433989,1.95074309978769,0.649259121929291,25.2510049834155,0.799348128,0.715520193,856.7370762,0.35045887,0.001794659,0.106414461,0.893585539,"DC","D"
"290","M. capitata","2016 Feb","Recovery","Reef 14","Recovery-Reef 14","51",2405755.37025189,3.17535160349063,1.31989795918367,0.336820569324463,20.7250915442363,0.557427309,0.363102803,584.7587204,0.309847725,0.00172641,0.038618073,0.961381927,"DC","D"
"291","M. capitata","2016 Feb","Recovery","Reef 14","Recovery-Reef 14","52",782310.923309022,3.49079878527841,4.46216290897871,0.281099652031525,10.8390448059301,0.228990273,0.277429352,561.3704369,0.080544006,0.001503745,1,NA,"C","C"
"292","M. capitata","2016 Feb","Recovery","Reef 14","Recovery-Reef 14","53",2917601.85475193,3.65276600659014,1.25197548823903,0.540858675254514,23.2047293073758,0.487111403,0.235573379,640.5877174,0.215088737,0.002056692,0.175202999,0.824797001,"DC","D"
"293","M. capitata","2016 Feb","Recovery","Reef 14","Recovery-Reef 14","54",1558731.00436449,2.5056683408502,1.607505293623,0.425516882546605,21.5648906926114,0.291696171,0.311685024,783.4089277,0.294684023,0.001694923,0.167797673,0.832202327,"DC","D"
"294","M. capitata","2016 Feb","Recovery","Reef 14","Recovery-Reef 14","55",2321815.96433337,5.03972905315056,2.17059798475352,0.294746703236534,20.9651433467073,0.241194545,0.347473687,578.8945504,0.16245523,0.001874815,0.990022495,0.009977505,"CD","C"
"295","M. capitata","2016 Feb","Recovery","Reef 14","Recovery-Reef 14","56",1164487.70418275,5.70586790799468,4.8998953681517,0.595721513260595,21.1546618596196,0.598551659,0.286844402,424.1383903,0.280470081,0.001387793,0.945426341,0.054573659,"CD","C"
"296","M. capitata","2016 Feb","Recovery","Reef 14","Recovery-Reef 14","57",3581254.55433688,3.91344971598456,1.09275943851726,0.718082355549545,22.0298237078822,0.632435336,0.841885802,645.1331007,0.313008824,0.00330262,0.087387056,0.912612944,"DC","D"
"297","M. capitata","2016 Feb","Recovery","Reef 14","Recovery-Reef 14","58",1212296.30814504,4.15557414203884,3.4278534992797,0.39351249734367,15.4323744569989,0.278000165,0.200961045,441.7893717,0.138593824,0.002497924,1,NA,"C","C"
"298","M. capitata","2016 Feb","Recovery","Reef 14","Recovery-Reef 14","59",1809442.60491902,6.9817556128215,3.85851178359645,0.540793081264778,20.9890254104921,0.781639493,1.086098954,966.0966572,0.484341425,0.002510862,0.86402555,0.13597445,"CD","C"
"299","M. capitata","2016 Feb","Recovery","Reef 14","Recovery-Reef 14","60",2666220.23869813,4.89990386557618,1.83777161183381,0.420460749547543,16.5703103793345,0.536731877,0.735187002,538.9988884,0.245062334,0.002592362,0.038575633,0.961424367,"DC","D"
"300","M. capitata","2016 Feb","Recovery","Reef 14","Recovery-Reef 14","61",1354549.96447206,5.36804081791389,3.96296995955119,0.244136178869669,11.5703088808801,0.311706696,1.085558454,464.2667118,1.331618371,0.002511868,0.865811215,0.134188785,"CD","C"
"301","M. capitata","2016 Feb","Recovery","Reef 14","Recovery-Reef 14","62",1337437.26609343,4.37484111547152,3.27106267066278,0.278917452916779,21.9800125798957,1.173050652,1.469559064,852.363204,0.421594814,0.001057409,1,NA,"C","C"
"302","M. capitata","2016 Feb","Recovery","Reef 14","Recovery-Reef 14","63",2669521.54734221,3.84381927718401,1.43989071038251,0.412192087100507,20.1162306764203,0.788037939,0.488853211,639.6701448,0.37152844,0.002465632,0.035342008,0.964657992,"DC","D"
"303","M. capitata","2016 Feb","Recovery","Reef 14","Recovery-Reef 14","64",1105904.56931642,3.51495729347235,3.17835497835498,0.383451361796405,15.0517920603066,0.960883766,1.587614021,1015.776325,1.160179477,0.002157677,0.96064379,0.03935621,"CD","C"
"NA.1",NA,NA,NA,NA,NA,NA,NA,NA,NA,NA,NA,NA,NA,NA,NA,NA,NA,NA,NA,NA
"305","M. capitata","2016 Feb","Recovery","Reef 14","Recovery-Reef 14","66",849526.214626479,1.53634770391931,1.80847592159921,0.159488177477809,8.59727213626088,0.623359618,1.039407148,881.1130975,1.118349463,0.001832781,0.117261147,0.882738853,"DC","D"
"306","M. capitata","2016 Feb","Recovery","Reef 14","Recovery-Reef 14","67",1835402.93222304,11.9205844987629,6.49480519480519,0.606259708442271,36.5292856315819,0.72487822,0.996031723,738.2847964,0.127832948,0.001524705,1,NA,"C","C"
"307","M. capitata","2016 Feb","Recovery","Reef 14","Recovery-Reef 14","68",1421139.2949267,3.94230255571477,2.77404373363563,0.449361901807787,24.6461943025242,0.358604337,0.67454481,908.445749,0.512654055,0.001930966,0.006118038,0.993881962,"DC","D"
"308","M. capitata","2016 Feb","Recovery","Reef 14","Recovery-Reef 14","69",970885.097686476,2.79984019373663,2.88380180147824,0.389027446792396,14.5478876000565,0.344970768,0.294082063,652.4593378,0.898892343,0.001994997,0.03000179,0.96999821,"DC","D"
"309","M. capitata","2016 Feb","Recovery","Reef 14","Recovery-Reef 14","70",840764.160770028,4.03071416749284,4.79410797410922,0.417228163991692,14.0733073957213,0.587085262,0.713593399,662.7101337,0.237864466,0.002082078,0.976773626,0.023226374,"CD","C"
"310","M. capitata","2016 Feb","Recovery","Reef 14","Recovery-Reef 14","71",1152991.23250451,4.4778961820524,3.88372093023256,0.474626880239112,15.3428275171879,0.523614435,0.469387841,778.617204,0.41864321,0.002537778,1,NA,"C","C"
"311","M. capitata","2016 Feb","Recovery","Reef 14","Recovery-Reef 14","72",1919803.37220916,2.62118471962733,1.36534019971591,0.552330099193925,19.6518316170122,0.569804343,0.51905266,441.5880475,0.238036889,0.003673521,NA,1,"D","D"
"312","M. capitata","2016 Feb","Recovery","Reef 14","Recovery-Reef 14","73",1301548.68071613,2.51046607351134,1.92882994751303,0.289966146631403,13.7433130241538,0.72238523,1.425029751,632.6967452,0.358680958,0.002570385,0.781781068,0.218218932,"CD","C"
"313","M. capitata","2016 Feb","Recovery","Reef 14","Recovery-Reef 14","74",2492249.13340551,7.97399589333797,3.19951797212262,0.797145462885679,27.3169823100204,0.590344878,0.345558753,530.4317435,0.222144912,0.002795063,0.309928323,0.690071677,"DC","D"
"314","M. capitata","2016 Feb","Recovery","Reef 14","Recovery-Reef 14","75",2756956.99869803,5.93685428506089,2.15340837302307,0.767170299708492,24.2657139429076,0.419369266,0.315567408,619.2755138,0.591688891,0.003353284,0.020354894,0.979645106,"DC","D"
"315","M. capitata","2016 Feb","Recovery","Reef 14","Recovery-Reef 14","76",1384953.92163971,6.59042982781088,4.75859140498203,0.395872578306585,16.2090165445988,0.113148217,0.138060785,304.5721246,0.099403765,0.001866747,0.927170433,0.072829567,"CD","C"
"316","M. capitata","2016 Feb","Recovery","Reef 14","Recovery-Reef 14","77",1130704.72514458,3.33747609475561,2.95167785234899,0.386021011695469,29.8156970811615,0.913341845,0.426539517,587.9177199,0.329598718,0.002685301,0.010929968,0.989070032,"DC","D"
"317","M. capitata","2016 Feb","Recovery","Reef 14","Recovery-Reef 14","78",839999.424000665,6.44694337926535,7.67493785717196,0.458655779256281,19.5993216427501,0.708065504,1.043097459,532.596413,0.154532957,0.002019934,1,NA,"C","C"
"318","M. capitata","2016 Feb","Recovery","Reef 14","Recovery-Reef 14","79",1116162.36090376,4.86449555844481,4.35823293172691,0.400284805187801,22.941843225323,0.282490688,0.589092297,669.007831,0.271888752,0.002356063,0.013844677,0.986155323,"DC","D"
"319","M. capitata","2016 Feb","Recovery","Reef 14","Recovery-Reef 14","80",1498802.75164888,7.51608334171525,5.01472480848236,0.864735739883186,32.1928718742031,0.248392777,1.366701186,647.8369726,0.344206225,0.002236308,0.991840246,0.008159754,"CD","C"
