Species,Period,Status,Reef,Status_Reef,ID,total.blastate.ml,surface.area.cm2,mg.prot..ml,cells..ml,ug.chla..ml,g.AFDW..ml,CAT,POX,SOD,PPO,MEL,coral.red.adj,coral.green.adj,coral.blue.adj,PC1,propC,propD,syms,dom
M. capitata,2014 Field.Feb,Field-Feb,Lilipuna.Pre,Field.Feb-Lilipuna,Near 1,NA,NA,NA,NA,NA,NA,107.4688299,0.025225694,16006.67119,0.080722222,0.013275876,NA,NA,NA,NA,NA,NA,NA,NA
M. capitata,2014 Field.Feb,Field-Feb,Lilipuna.Pre,Field.Feb-Lilipuna,Near 2,NA,NA,NA,NA,NA,NA,17.45967058,0.012397611,7949.502576,0.058268771,0.011499187,NA,NA,NA,NA,NA,NA,NA,NA
M. capitata,2014 Field.Feb,Field-Feb,Lilipuna.Pre,Field.Feb-Lilipuna,Near 3,NA,NA,NA,NA,NA,NA,56.89824929,0.154321895,14668.96497,0.116334967,0.011308507,NA,NA,NA,NA,NA,NA,NA,NA
M. capitata,2014 Field.Feb,Field-Feb,Lilipuna.Pre,Field.Feb-Lilipuna,Near 4,NA,NA,NA,NA,NA,NA,134.3409427,0.339133817,9777.918296,0.084406639,0.014007549,NA,NA,NA,NA,NA,NA,NA,NA
M. capitata,2014 Field.Feb,Field-Feb,Lilipuna.Pre,Field.Feb-Lilipuna,Near 5,NA,NA,NA,NA,NA,NA,150.2872464,0.218181818,20536.8178,0.140979021,0.006070345,NA,NA,NA,NA,NA,NA,NA,NA
M. capitata,2014 Field.Feb,Field-Feb,Lilipuna.Pre,Field.Feb-Lilipuna,Near 6,NA,NA,NA,NA,NA,NA,107.4746358,0.013953488,16790.55372,0.100465116,0.008503771,NA,NA,NA,NA,NA,NA,NA,NA
M. capitata,2014 Field.Feb,Field-Feb,Lilipuna.Pre,Field.Feb-Lilipuna,Near 7,NA,NA,NA,NA,NA,NA,190.0301037,0.22295082,14919.92875,0.12852459,0.004300888,NA,NA,NA,NA,NA,NA,NA,NA
M. capitata,2014 Field.Feb,Field-Feb,Lilipuna.Pre,Field.Feb-Lilipuna,Near 8,NA,NA,NA,NA,NA,NA,109.2935249,0.058252427,12215.645,0.07223301,0.003915654,NA,NA,NA,NA,NA,NA,NA,NA
M. capitata,2014 Field.Feb,Field-Feb,Reef 14.Pre,Field.Feb-Reef14,Off 9,NA,NA,NA,NA,NA,NA,62.39364535,-0.135372671,14636.51124,0.108298137,0.003854734,NA,NA,NA,NA,NA,NA,NA,NA
M. capitata,2014 Field.Feb,Field-Feb,Reef 14.Pre,Field.Feb-Reef14,Off 10,NA,NA,NA,NA,NA,NA,123.9250619,0.09287642,13819.54302,0.061917614,0.005330819,NA,NA,NA,NA,NA,NA,NA,NA
M. capitata,2014 Field.Feb,Field-Feb,Reef 14.Pre,Field.Feb-Reef14,Off 11,NA,NA,NA,NA,NA,NA,42.85420197,0.039656114,10025.63013,0.066622271,0.003820387,NA,NA,NA,NA,NA,NA,NA,NA
M. capitata,2014 Field.Feb,Field-Feb,Reef 14.Pre,Field.Feb-Reef14,Off 12,NA,NA,NA,NA,NA,NA,186.4992945,0.299587629,11912.48223,0.101110825,0.011129752,NA,NA,NA,NA,NA,NA,NA,NA
M. capitata,2014 Field.Feb,Field-Feb,Reef 14.Pre,Field.Feb-Reef14,Off 13,NA,NA,NA,NA,NA,NA,117.6374199,0.095049505,15876.16263,0.168712871,0.002862012,NA,NA,NA,NA,NA,NA,NA,NA
M. capitata,2014 Field.Feb,Field-Feb,Reef 14.Pre,Field.Feb-Reef14,Off 14,NA,NA,NA,NA,NA,NA,150.8563156,0.117647059,14267.12532,0.089411765,0.0033932,NA,NA,NA,NA,NA,NA,NA,NA
M. capitata,2014 Field.Feb,Field-Feb,Reef 14.Pre,Field.Feb-Reef14,Off 15,NA,NA,NA,NA,NA,NA,106.842332,0.129230769,19039.53287,0.155076923,0.004485643,NA,NA,NA,NA,NA,NA,NA,NA
M. capitata,2014 Field.Feb,Field-Feb,Reef 14.Pre,Field.Feb-Reef14,Off 16,NA,NA,NA,NA,NA,NA,111.4456421,-0.016161616,8447.531184,0.030707071,0.003013465,NA,NA,NA,NA,NA,NA,NA,NA
M. capitata,2014 Lab,Lab-Ramp,Lilipuna.Pre,LabRamp-Lilipuna,N1,NA,NA,NA,NA,NA,NA,34.81774925,0.171246429,2200.972906,0.020065238,0.014858253,NA,NA,NA,NA,NA,NA,NA,NA
M. capitata,2014 Lab,Lab-Amb,Lilipuna.Pre,LabAmb-Lilipuna,N10,NA,NA,NA,NA,NA,NA,140.6430172,4.130222356,9595.455287,0.108276442,0.019895325,NA,NA,NA,NA,NA,NA,NA,NA
M. capitata,2014 Lab,Lab-Ramp,Lilipuna.Pre,LabRamp-Lilipuna,N11,NA,NA,NA,NA,NA,NA,117.229312,0.400190678,5783.537735,0.055411017,0.013363955,NA,NA,NA,NA,NA,NA,NA,NA
M. capitata,2014 Lab,Lab-Amb,Lilipuna.Pre,LabAmb-Lilipuna,N12,NA,NA,NA,NA,NA,NA,106.8797999,0.717468923,6593.322691,0.047162293,0.024802854,NA,NA,NA,NA,NA,NA,NA,NA
M. capitata,2014 Lab,Lab-Amb,Lilipuna.Pre,LabAmb-Lilipuna,N13,NA,NA,NA,NA,NA,NA,133.8071104,0.494565728,10465.72483,0.131315728,0.012562096,NA,NA,NA,NA,NA,NA,NA,NA
M. capitata,2014 Lab,Lab-Ramp,Lilipuna.Pre,LabRamp-Lilipuna,N14,NA,NA,NA,NA,NA,NA,48.55455954,0.677431956,4763.183892,0.040279738,0.025522913,NA,NA,NA,NA,NA,NA,NA,NA
M. capitata,2014 Lab,Lab-Ramp,Lilipuna.Pre,LabRamp-Lilipuna,N15,NA,NA,NA,NA,NA,NA,44.97247227,0.762443778,3378.475251,0.027230135,0.017208494,NA,NA,NA,NA,NA,NA,NA,NA
M. capitata,2014 Lab,Lab-Ramp,Lilipuna.Pre,LabRamp-Lilipuna,N16,NA,NA,NA,NA,NA,NA,110.9421443,0.727476478,6049.49608,0.052729839,0.037550145,NA,NA,NA,NA,NA,NA,NA,NA
M. capitata,2014 Lab,Lab-Ramp,Lilipuna.Pre,LabRamp-Lilipuna,N17,NA,NA,NA,NA,NA,NA,62.30500968,0.582993827,3187.584971,0.038679398,0.019045409,NA,NA,NA,NA,NA,NA,NA,NA
M. capitata,2014 Lab,Lab-Ramp,Lilipuna.Pre,LabRamp-Lilipuna,N18,NA,NA,NA,NA,NA,NA,191.4400615,2.804395604,9643.837186,0.109010989,0.011411625,NA,NA,NA,NA,NA,NA,NA,NA
M. capitata,2014 Lab,Lab-Amb,Lilipuna.Pre,LabAmb-Lilipuna,N19,NA,NA,NA,NA,NA,NA,156.4663845,0.295905899,7926.841309,0.083669944,0.01369832,NA,NA,NA,NA,NA,NA,NA,NA
M. capitata,2014 Lab,Lab-Ramp,Lilipuna.Pre,LabRamp-Lilipuna,N2,NA,NA,NA,NA,NA,NA,162.1401266,1.095652174,10966.80524,0.059130435,0.016593633,NA,NA,NA,NA,NA,NA,NA,NA
M. capitata,2014 Lab,Lab-Amb,Lilipuna.Pre,LabAmb-Lilipuna,N20,NA,NA,NA,NA,NA,NA,129.7946213,0.246072581,8168.530446,0.043355645,0.011035455,NA,NA,NA,NA,NA,NA,NA,NA
M. capitata,2014 Lab,Lab-Amb,Lilipuna.Pre,LabAmb-Lilipuna,N21,NA,NA,NA,NA,NA,NA,84.6862419,0.54,5463.252825,0.042545455,0.009202289,NA,NA,NA,NA,NA,NA,NA,NA
M. capitata,2014 Lab,Lab-Ramp,Lilipuna.Pre,LabRamp-Lilipuna,N22,NA,NA,NA,NA,NA,NA,133.3286186,1.560693642,8270.820406,0.108208092,0.015663125,NA,NA,NA,NA,NA,NA,NA,NA
M. capitata,2014 Lab,Lab-Amb,Lilipuna.Pre,LabAmb-Lilipuna,N23,NA,NA,NA,NA,NA,NA,15.09285845,0.137784483,1662.77684,0.022045517,0.013639583,NA,NA,NA,NA,NA,NA,NA,NA
M. capitata,2014 Lab,Lab-Ramp,Lilipuna.Pre,LabRamp-Lilipuna,N23,NA,NA,NA,NA,NA,NA,135.5015552,1.44957265,9147.401439,0.188717949,0.013925308,NA,NA,NA,NA,NA,NA,NA,NA
M. capitata,2014 Lab,Lab-Ramp,Lilipuna.Pre,LabRamp-Lilipuna,N24,NA,NA,NA,NA,NA,NA,99.15531956,0.95042735,8153.002452,0.095726496,0.013305877,NA,NA,NA,NA,NA,NA,NA,NA
M. capitata,2014 Lab,Lab-Amb,Lilipuna.Pre,LabAmb-Lilipuna,N25,NA,NA,NA,NA,NA,NA,138.4229693,0.401716738,11734.33483,0.109184549,0.011254385,NA,NA,NA,NA,NA,NA,NA,NA
M. capitata,2014 Lab,Lab-Amb,Lilipuna.Pre,LabAmb-Lilipuna,N26,NA,NA,NA,NA,NA,NA,101.0974093,0.415533981,4496.984898,0.066796117,0.009011035,NA,NA,NA,NA,NA,NA,NA,NA
M. capitata,2014 Lab,Lab-Amb,Lilipuna.Pre,LabAmb-Lilipuna,N27,NA,NA,NA,NA,NA,NA,47.09478499,0.548571429,4320.245148,0.059909774,0.009333586,NA,NA,NA,NA,NA,NA,NA,NA
M. capitata,2014 Lab,Lab-Amb,Lilipuna.Pre,LabAmb-Lilipuna,N28,NA,NA,NA,NA,NA,NA,43.49157595,0.439484979,4228.226347,0.03639485,0.005829344,NA,NA,NA,NA,NA,NA,NA,NA
M. capitata,2014 Lab,Lab-Ramp,Lilipuna.Pre,LabRamp-Lilipuna,N30,NA,NA,NA,NA,NA,NA,71.79418853,0.48,5038.39229,0.036530973,0.008055963,NA,NA,NA,NA,NA,NA,NA,NA
M. capitata,2014 Lab,Lab-Amb,Lilipuna.Pre,LabAmb-Lilipuna,N34,NA,NA,NA,NA,NA,NA,90.49352432,0.064690027,7743.835642,0.080215633,0.007841084,NA,NA,NA,NA,NA,NA,NA,NA
M. capitata,2014 Lab,Lab-Amb,Reef 14.Pre,LabAmb-Reef14,O1,NA,NA,NA,NA,NA,NA,157.3963363,0.861554487,13804.09055,0.14436859,0.010052784,NA,NA,NA,NA,NA,NA,NA,NA
M. capitata,2014 Lab,Lab-Ramp,Reef 14.Pre,LabRamp-Reef 14,O10,NA,NA,NA,NA,NA,NA,111.6639609,0.738719419,7252.692849,0.054431957,0.011628647,NA,NA,NA,NA,NA,NA,NA,NA
M. capitata,2014 Lab,Lab-Ramp,Reef 14.Pre,LabRamp-Reef 14,O11,NA,NA,NA,NA,NA,NA,85.78601692,3.175348639,4560.106468,0.055187642,0.010468353,NA,NA,NA,NA,NA,NA,NA,NA
M. capitata,2014 Lab,Lab-Amb,Reef 14.Pre,LabAmb-Reef14,O12,NA,NA,NA,NA,NA,NA,114.1519446,0.764392986,6459.873981,0.062719424,0.011529344,NA,NA,NA,NA,NA,NA,NA,NA
M. capitata,2014 Lab,Lab-Amb,Reef 14.Pre,LabAmb-Reef14,O13,NA,NA,NA,NA,NA,NA,193.1939485,0.987585938,11602.83735,0.21795,0.01167421,NA,NA,NA,NA,NA,NA,NA,NA
M. capitata,2014 Lab,Lab-Ramp,Reef 14.Pre,LabRamp-Reef 14,O14,NA,NA,NA,NA,NA,NA,45.74553086,0.620847076,3046.806755,0.025051724,0.015489149,NA,NA,NA,NA,NA,NA,NA,NA
M. capitata,2014 Lab,Lab-Amb,Reef 14.Pre,LabAmb-Reef14,O15,NA,NA,NA,NA,NA,NA,65.66584685,0.103319611,6383.907102,0.110932635,0.010554593,NA,NA,NA,NA,NA,NA,NA,NA
M. capitata,2014 Lab,Lab-Amb,Reef 14.Pre,LabAmb-Reef14,O16,NA,NA,NA,NA,NA,NA,156.2459819,0.545816062,10576.7433,0.240911917,0.010035612,NA,NA,NA,NA,NA,NA,NA,NA
M. capitata,2014 Lab,Lab-Amb,Reef 14.Pre,LabAmb-Reef14,O17,NA,NA,NA,NA,NA,NA,170.6178207,0.492542373,10087.80472,0.109282839,0.021132364,NA,NA,NA,NA,NA,NA,NA,NA
M. capitata,2014 Lab,Lab-Amb,Reef 14.Pre,LabAmb-Reef14,O18,NA,NA,NA,NA,NA,NA,180.0895692,-0.439647817,8268.800652,0.102344246,0.010363148,NA,NA,NA,NA,NA,NA,NA,NA
M. capitata,2014 Lab,Lab-Ramp,Reef 14.Pre,LabRamp-Reef 14,O19,NA,NA,NA,NA,NA,NA,63.44132681,0.304399441,6116.769642,0.062909218,0.012703399,NA,NA,NA,NA,NA,NA,NA,NA
M. capitata,2014 Lab,Lab-Amb,Reef 14.Pre,LabAmb-Reef14,O2,NA,NA,NA,NA,NA,NA,78.53211903,0.538613861,9246.386114,0.050693069,0.005845905,NA,NA,NA,NA,NA,NA,NA,NA
M. capitata,2014 Lab,Lab-Amb,Reef 14.Pre,LabAmb-Reef14,O20,NA,NA,NA,NA,NA,NA,344.9594544,1.2,20777.59964,0.347368421,0.00483426,NA,NA,NA,NA,NA,NA,NA,NA
M. capitata,2014 Lab,Lab-Amb,Reef 14.Pre,LabAmb-Reef14,O21,NA,NA,NA,NA,NA,NA,147.4001685,0.536103896,7462.241619,0.078545455,0.006432316,NA,NA,NA,NA,NA,NA,NA,NA
M. capitata,2014 Lab,Lab-Amb,Reef 14.Pre,LabAmb-Reef14,O22,NA,NA,NA,NA,NA,NA,177.2023838,2.133333333,10570.47096,0.213333333,0.004787435,NA,NA,NA,NA,NA,NA,NA,NA
M. capitata,2014 Lab,Lab-Ramp,Reef 14.Pre,LabRamp-Reef 14,O23,NA,NA,NA,NA,NA,NA,184.7870601,0.409478673,12335.27544,0.063696682,0.009288616,NA,NA,NA,NA,NA,NA,NA,NA
M. capitata,2014 Lab,Lab-Amb,Reef 14.Pre,LabAmb-Reef14,O24,NA,NA,NA,NA,NA,NA,80.27954576,0.616966581,6652.264526,0.060462725,0.005647851,NA,NA,NA,NA,NA,NA,NA,NA
M. capitata,2014 Lab,Lab-Ramp,Reef 14.Pre,LabRamp-Reef 14,O27,NA,NA,NA,NA,NA,NA,194.8244377,1.753846154,10097.81553,0.082237762,0.006537333,NA,NA,NA,NA,NA,NA,NA,NA
M. capitata,2014 Lab,Lab-Ramp,Reef 14.Pre,LabRamp-Reef 14,O28,NA,NA,NA,NA,NA,NA,131.9313937,1.880138191,11080.17982,0.078491206,0.011673152,NA,NA,NA,NA,NA,NA,NA,NA
M. capitata,2014 Lab,Lab-Ramp,Reef 14.Pre,LabRamp-Reef 14,O30,NA,NA,NA,NA,NA,NA,125.9066514,0.629251969,8704.790099,0.04576378,0.015699098,NA,NA,NA,NA,NA,NA,NA,NA
M. capitata,2014 Lab,Lab-Ramp,Reef 14.Pre,LabRamp-Reef 14,O31,NA,NA,NA,NA,NA,NA,201.3558049,1.019047619,10968.74782,0.07047619,0.009563026,NA,NA,NA,NA,NA,NA,NA,NA
M. capitata,2014 Lab,Lab-Ramp,Reef 14.Pre,LabRamp-Reef 14,O33,NA,NA,NA,NA,NA,NA,177.3814624,0.273972603,13341.33666,0.100821918,0.008269288,NA,NA,NA,NA,NA,NA,NA,NA
M. capitata,2014 Lab,Lab-Ramp,Reef 14.Pre,LabRamp-Reef 14,O36,NA,NA,NA,NA,NA,NA,53.71944222,0.382921348,3004.551852,0.047460674,0.008013274,NA,NA,NA,NA,NA,NA,NA,NA
M. capitata,2014 Lab,Lab-Ramp,Lilipuna.Pre,LabRamp-Lilipuna,N29,25,21.029,0.299,2435000,4.969,0.014,NA,NA,NA,NA,NA,NA,NA,NA,NA,0.001,0.999,DC,D
M. capitata,2014 Lab,Lab-Ramp,Lilipuna.Pre,LabRamp-Lilipuna,N31,22,20.211,0.298,1390000,3.406,0.012,NA,NA,NA,NA,NA,NA,NA,NA,NA,NA,1,D,D
M. capitata,2014 Lab,Lab-Ramp,Lilipuna.Pre,LabRamp-Lilipuna,N39,16,12.854,0.267,888333,3.762,0.015,NA,NA,NA,NA,NA,NA,NA,NA,NA,NA,1,D,D
M. capitata,2014 Lab,Lab-Ramp,Lilipuna.Pre,LabRamp-Lilipuna,N40,18,12.496,0.207,460000,3.057,0.011,NA,NA,NA,NA,NA,NA,NA,NA,NA,0.009,0.991,DC,D
M. capitata,2014 Lab,Lab-Ramp,Lilipuna.Pre,LabRamp-Lilipuna,N41,24,20.263,0.199,423333,2.156,0.012,NA,NA,NA,NA,NA,NA,NA,NA,NA,0.88,0.12,CD,C
M. capitata,2014 Lab,Lab-Ramp,Lilipuna.Pre,LabRamp-Lilipuna,N6,20,14.489,0.254,1056667,2.28,0.015,NA,NA,NA,NA,NA,NA,NA,NA,NA,NA,1,D,D
M. capitata,2014 Lab,Lab-Ramp,Reef 14.Pre,LabRamp-Reef 14,O38,27,17.657,0.255,990000,2.074,0.011,NA,NA,NA,NA,NA,NA,NA,NA,NA,0.008,0.992,DC,D
M. capitata,2014 Lab,Lab-Ramp,Reef 14.Pre,LabRamp-Reef 14,O40,27,21.693,0.347,898333,1.26,0.011,NA,NA,NA,NA,NA,NA,NA,NA,NA,NA,1,D,D
M. capitata,2014 Lab,Lab-Ramp,Reef 14.Pre,LabRamp-Reef 14,O41,22,13.824,0.346,970000,1.964,0.014,NA,NA,NA,NA,NA,NA,NA,NA,NA,NA,1,D,D
M. capitata,2014 Lab,Lab-Ramp,Reef 14.Pre,LabRamp-Reef 14,O47,21,15.868,0.213,485000,2.896,0.011,NA,NA,NA,NA,NA,NA,NA,NA,NA,NA,1,D,D
M. capitata,2014 Lab,Lab-Ramp,Reef 14.Pre,LabRamp-Reef 14,O6,22,19.752,0.35,1045000,2.838,0.013,NA,NA,NA,NA,NA,NA,NA,NA,NA,NA,1,D,D
M. capitata,2014 Lab,Lab-Ramp,Reef 14.Pre,LabRamp-Reef 14,O8,23,16.277,0.209,613333,3.806,0.015,NA,NA,NA,NA,NA,NA,NA,NA,NA,,,,
M. capitata,2014 Lab,Lab-Ramp,Lilipuna.Pre,LabRamp-Lilipuna,N32,27,18.628,0.216,850000,3.247,0.017,NA,NA,NA,NA,NA,NA,NA,NA,NA,0.941,0.059,CD,C
M. capitata,2014 Lab,Lab-Ramp,Lilipuna.Pre,LabRamp-Lilipuna,N33,34,22.102,0.266,583333,2.264,0.015,NA,NA,NA,NA,NA,NA,NA,NA,NA,1,NA,C,C
M. capitata,2014 Lab,Lab-Ramp,Lilipuna.Pre,LabRamp-Lilipuna,N35,24,15.766,0.157,1313333,5.342,0.011,NA,NA,NA,NA,NA,NA,NA,NA,NA,NA,1,D,D
M. capitata,2014 Lab,Lab-Ramp,Lilipuna.Pre,LabRamp-Lilipuna,N38,27,20.365,0.328,791667,2.972,0.012,NA,NA,NA,NA,NA,NA,NA,NA,NA,1,NA,C,C
M. capitata,2014 Lab,Lab-Ramp,Lilipuna.Pre,LabRamp-Lilipuna,N42,35,24.095,0.222,1115000,1.771,0.016,NA,NA,NA,NA,NA,NA,NA,NA,NA,NA,1,D,D
M. capitata,2014 Lab,Lab-Ramp,Lilipuna.Pre,LabRamp-Lilipuna,N5,20,12.751,0.255,611667,3.191,0.012,NA,NA,NA,NA,NA,NA,NA,NA,NA,0.705,0.295,CD,C
M. capitata,2014 Lab,Lab-Ramp,Lilipuna.Pre,LabRamp-Lilipuna,N8,35,20.518,0.345,505000,1.667,0.017,NA,NA,NA,NA,NA,NA,NA,NA,NA,,,,
M. capitata,2014 Lab,Lab-Ramp,Reef 14.Pre,LabRamp-Reef 14,O3,33,23.584,0.214,860000,2.128,0.016,NA,NA,NA,NA,NA,NA,NA,NA,NA,NA,1,D,D
M. capitata,2014 Lab,Lab-Ramp,Reef 14.Pre,LabRamp-Reef 14,O34,26,16.328,0.212,1013333,1.929,0.014,NA,NA,NA,NA,NA,NA,NA,NA,NA,NA,1,D,D
M. capitata,2014 Lab,Lab-Ramp,Reef 14.Pre,LabRamp-Reef 14,O39,32,21.744,0.303,905000,1.337,0.018,NA,NA,NA,NA,NA,NA,NA,NA,NA,NA,1,D,D
M. capitata,2014 Lab,Lab-Ramp,Reef 14.Pre,LabRamp-Reef 14,O42,25,21.182,0.244,311667,2.166,0.015,NA,NA,NA,NA,NA,NA,NA,NA,NA,,,,
M. capitata,2014 Lab,Lab-Ramp,Reef 14.Pre,LabRamp-Reef 14,O45,26,22,0.305,1536667,2.105,0.014,NA,NA,NA,NA,NA,NA,NA,NA,NA,NA,1,D,D
M. capitata,2014 Lab,Lab-Ramp,Reef 14.Pre,LabRamp-Reef 14,O48,22,15.766,0.267,766667,2.53,0.011,NA,NA,NA,NA,NA,NA,NA,NA,NA,NA,1,D,D
M. capitata,2014 Lab,Lab-Ramp,Reef 14.Pre,LabRamp-Reef 14,O5,38,25.934,0.304,1173333,2.339,0.016,NA,NA,NA,NA,NA,NA,NA,NA,NA,NA,1,D,D
M. capitata,2014 Lab,Lab_Amb,Lilipuna.Pre,LabAmb-Lilipuna,N26,23,13.773,0.276,716667,4.597,0.012,NA,NA,NA,NA,NA,NA,NA,NA,NA,1,NA,C,C
M. capitata,2014 Lab,Lab_Amb,Lilipuna.Pre,LabAmb-Lilipuna,N37,28,19.547,0.275,716667,2.602,0.011,NA,NA,NA,NA,NA,NA,NA,NA,NA,,,,
M. capitata,2014 Lab,Lab_Amb,Lilipuna.Pre,LabAmb-Lilipuna,N43,22,21.693,0.289,1113333,3.833,0.012,NA,NA,NA,NA,NA,NA,NA,NA,NA,0.231,0.769,DC,D
M. capitata,2014 Lab,Lab_Amb,Lilipuna.Pre,LabAmb-Lilipuna,N44,40,25.832,0.199,946667,1.717,0.014,NA,NA,NA,NA,NA,NA,NA,NA,NA,NA,1,D,D
M. capitata,2014 Lab,Lab_Amb,Lilipuna.Pre,LabAmb-Lilipuna,N45,41,22.051,0.248,1096667,1.872,0.016,NA,NA,NA,NA,NA,NA,NA,NA,NA,NA,1,D,D
M. capitata,2014 Lab,Lab_Amb,Lilipuna.Pre,LabAmb-Lilipuna,N48,19,10.043,0.21,641667,4.635,0.012,NA,NA,NA,NA,NA,NA,NA,NA,NA,1,NA,C,C
M. capitata,2014 Lab,Lab_Amb,Reef 14.Pre,LabAmb-Reef 14,O29,20,16.43,0.323,588333,3.547,0.012,NA,NA,NA,NA,NA,NA,NA,NA,NA,0.542,0.458,CD,C
M. capitata,2014 Lab,Lab_Amb,Reef 14.Pre,LabAmb-Reef 14,O32,29,14.795,0.227,761667,2.007,0.011,NA,NA,NA,NA,NA,NA,NA,NA,NA,0,1,DC,D
M. capitata,2014 Lab,Lab_Amb,Reef 14.Pre,LabAmb-Reef 14,O37,25,15.46,0.32,865000,1.774,0.01,NA,NA,NA,NA,NA,NA,NA,NA,NA,0.023,0.977,DC,D
M. capitata,2014 Lab,Lab_Amb,Reef 14.Pre,LabAmb-Reef 14,O43,34,20.774,0.22,830000,0.942,0.011,NA,NA,NA,NA,NA,NA,NA,NA,NA,1,NA,C,C
M. capitata,2014 Lab,Lab_Amb,Reef 14.Pre,LabAmb-Reef 14,O9,21,15.204,0.145,571667,4.289,0.011,NA,NA,NA,NA,NA,NA,NA,NA,NA,1,NA,C,C
M. capitata,2014 Lab,Lab_Amb,Reef 14.Pre,LabAmb-Reef 14,O25,28,17.095,0.242,558333,2.088,0.015,NA,NA,NA,NA,NA,NA,NA,NA,NA,NA,1,D,D
M. capitata,2014 Lab,Lab_Amb,Lilipuna.Pre,LabAmb-Lilipuna,N3,30,17.554,0.324,1155000,3.436,0.012,NA,NA,NA,NA,NA,NA,NA,NA,NA,0.001,0.999,DC,D
M. capitata,2014 Lab,Lab_Amb,Lilipuna.Pre,LabAmb-Lilipuna,N4,30,20.365,0.286,723333,3.514,0.011,NA,NA,NA,NA,NA,NA,NA,NA,NA,1,NA,C,C
M. capitata,2014 Lab,Lab_Amb,Lilipuna.Pre,LabAmb-Lilipuna,N46,16,12.854,0.311,551667,5.066,0.012,NA,NA,NA,NA,NA,NA,NA,NA,NA,0.002,0.998,DC,D
M. capitata,2014 Lab,Lab_Amb,Lilipuna.Pre,LabAmb-Lilipuna,N47,25,16.226,0.187,663333,1.927,0.011,NA,NA,NA,NA,NA,NA,NA,NA,NA,NA,1,D,D
M. capitata,2014 Lab,Lab_Amb,Lilipuna.Pre,LabAmb-Lilipuna,N7,29,18.832,0.168,715000,3.379,0.016,NA,NA,NA,NA,NA,NA,NA,NA,NA,NA,1,D,D
M. capitata,2014 Lab,Lab_Amb,Lilipuna.Pre,LabAmb-Lilipuna,N9,25,16.584,0.253,1200000,4.175,0.015,NA,NA,NA,NA,NA,NA,NA,NA,NA,1,NA,C,C
M. capitata,2014 Lab,Lab_Amb,Reef 14.Pre,LabAmb-Reef 14,O26,34,20.365,0.245,908333,3.211,0.015,NA,NA,NA,NA,NA,NA,NA,NA,NA,0.035,0.965,DC,D
M. capitata,2014 Lab,Lab_Amb,Reef 14.Pre,LabAmb-Reef 14,O35,17,14.949,0.165,798333,5.973,0.011,NA,NA,NA,NA,NA,NA,NA,NA,NA,0.945,0.055,CD,C
M. capitata,2014 Lab,Lab_Amb,Reef 14.Pre,LabAmb-Reef 14,O44,34,24.044,0.287,950000,2.027,0.012,NA,NA,NA,NA,NA,NA,NA,NA,NA,NA,1,D,D
M. capitata,2014 Lab,Lab_Amb,Reef 14.Pre,LabAmb-Reef 14,O49,16,12.241,0.291,1310000,4.152,0.01,NA,NA,NA,NA,NA,NA,NA,NA,NA,NA,1,D,D
M. capitata,2014 Lab,Lab_Amb,Reef 14.Pre,LabAmb-Reef 14,O7,22,17.299,0.318,756667,2.619,0.015,NA,NA,NA,NA,NA,NA,NA,NA,NA,NA,1,D,D
M. capitata,2014 Oct,Bleaching,Lilipuna,Bleaching-Lilipuna,1,11,3.540651,0.229264943,550556,0.998915,0.01,185.2687008,0.118624266,18042.4799,0.432319546,0.015094547,121.6066667,83.90141026,69.43705128,-0.572263575,0,1,D,D
M. capitata,2014 Oct,Bleaching,Lilipuna,Bleaching-Lilipuna,2,13,4.072836,0.177024422,541111,1.24537,0.005,153.2923378,0.528707076,18010.70404,0.153805695,0.017919319,121.2666667,78.94141026,64.30705128,-0.301771453,0.444079327,0.555920673,DC,D
M. capitata,2014 Oct,Bleaching,Lilipuna,Bleaching-Lilipuna,3,11.5,3.292298,0.228811485,631111,1.01302,0.009,251.8111718,3.901610575,14261.74148,0.168263529,0.018267048,119.5066667,86.35141026,40.29705128,0.166900735,0,1,D,D
M. capitata,2014 Oct,Bleaching,Lilipuna,Bleaching-Lilipuna,4,28,9.536602,0.101267877,24815,0.113591667,0.01,186.3757256,0.274308274,19073.8697,0.707105772,0.013999661,163.7866667,126.1814103,98.33705128,-3.504285964,1,0,C,C
M. capitata,2014 Oct,Bleaching,Lilipuna,Bleaching-Lilipuna,5,21,9.394686,0.286413168,261667,1.304706667,0.01,67.92907021,0.791381112,15997.06014,0.422069927,0.012004427,119.7366667,89.36141026,49.52705128,-0.155169591,1,0,C,C
M. capitata,2014 Oct,Bleaching,Lilipuna,Bleaching-Lilipuna,6,22,8.081963,0.165414008,296667,1.370124167,0.008,0.138994286,0.504305211,9833.22568,-0.014155936,0.014327581,124.0666667,90.72141026,60.76705128,-0.590916865,1,0,C,C
M. capitata,2014 Oct,Bleaching,Lilipuna,Bleaching-Lilipuna,7,14,3.434214,0.144226535,469444,1.279080556,0.01,191.3099189,1.011723417,43155.40353,0.305765299,0.017186129,78.08666667,45.77141026,4.717051282,3.206724254,1,0,C,C
M. capitata,2014 Oct,Bleaching,Lilipuna,Bleaching-Lilipuna,8,29,10.955762,0.217457096,750556,1.310909167,0.011,434.8665091,0.077493709,25877.87782,0.723274613,0.010328592,113.2666667,79.32141026,31.87705128,0.727540525,0,1,D,D
M. capitata,2014 Oct,Bleaching,Lilipuna,Bleaching-Lilipuna,9,16.5,3.824483,0.257279237,443889,1.480065833,0.011,194.2556698,1.398192172,11792.54546,0.400469857,0.019857207,NA,NA,NA,NA,0,1,D,D
M. capitata,2014 Oct,Bleaching,Lilipuna,Bleaching-Lilipuna,10,14.5,6.024181,0.206691023,288333,1.245643333,0.011,192.524005,1.306442847,4389.920444,0.247036466,0.013184285,130.9066667,92.12141026,71.44705128,-1.077696614,1,0,C,C
M. capitata,2014 Oct,Bleaching,Lilipuna,Bleaching-Lilipuna,11,21.5,5.775828,0.13982824,769444,1.253843333,0.01,176.7418195,0.380056101,9597.27435,0.351551893,0.011751317,88.60666667,48.43141026,4.397051282,2.875460716,0,1,D,D
M. capitata,2014 Oct,Bleaching,Lilipuna,Bleaching-Lilipuna,12,22,10.813846,0.324768904,183889,1.05413,0.009,96.91180746,1.238719229,13431.78879,0.443720321,0.01082173,119.8966667,95.08141026,50.98705128,-0.346552903,1,0,C,C
M. capitata,2014 Oct,Bleaching,Lilipuna,Bleaching-Lilipuna,13,13,3.93092,0.150359003,869444,1.5006625,0.01,192.7561206,0.183759337,14196.88953,0.226165338,0.013281472,118.5566667,79.43141026,33.17705128,0.555526187,0,1,D,D
M. capitata,2014 Oct,Bleaching,Lilipuna,Bleaching-Lilipuna,14,20,5.846786,0.165059773,355833,1.061970833,0.008,204.0909262,1.206721243,23405.17005,0.542198038,0.011733248,128.1566667,95.57141026,57.01705128,-0.726348925,0.326939635,0.673060365,DC,D
M. capitata,2014 Oct,Bleaching,Lilipuna,Bleaching-Lilipuna,15,21,13.474771,0.192039663,52000,0.255016667,0.01,136.3350023,-0.01759519,12898.42333,0.309675342,0.010791087,173.2566667,137.7414103,86.87705128,-3.755086379,1,0,C,C
M. capitata,2014 Oct,Bleaching,Lilipuna,Bleaching-Lilipuna,16,24.5,9.110854,0.27275747,962083,1.792558889,0.01,422.4355614,0.588588264,18533.07132,0.350134557,0.050332911,99.75666667,67.23141026,28.41705128,1.479565203,0,1,D,D
M. capitata,2014 Oct,Bleaching,Lilipuna,Bleaching-Lilipuna,17,22.5,8.046484,0.342569648,651333,1.501464167,0.011,407.7211049,1.482794636,17647.00002,0.333988695,0.011948621,124.4566667,97.95141026,46.31705128,-0.418551138,0,1,D,D
M. capitata,2014 Oct,Bleaching,Lilipuna,Bleaching-Lilipuna,18,21.5,6.449929,0.132676751,271111,1.26461,0.01,399.4510155,1.253873612,26658.18856,0.302521887,0.014233098,129.9266667,97.47141026,48.18705128,-0.594398038,1,0,C,C
M. capitata,2014 Oct,Bleaching,Lilipuna,Bleaching-Lilipuna,19,11.5,3.966399,0.151923542,79444,0.422484167,0.01,168.2744414,0.759511797,22441.82349,0.276186108,0.020851024,157.5266667,123.5014103,82.86705128,-2.875688552,1,0,C,C
M. capitata,2014 Oct,Bleaching,Lilipuna,Bleaching-Lilipuna,20,19,5.35008,0.253969824,1110556,1.9427375,0.011,112.2626424,0.55685807,19640.05092,0.060528051,0.013464262,98.50666667,64.68141026,60.36705128,0.756686155,0.001061821,0.998938179,DC,D
M. capitata,2014 Oct,Bleaching,Lilipuna,Bleaching-Lilipuna,21,9,5.456517,0.156885369,675000,1.213296667,0.01,32.21606131,0.566006407,14205.67132,0.170869859,0.016501943,122.3566667,75.04141026,10.42705128,1.158050473,0,1,D,D
M. capitata,2014 Oct,Bleaching,Lilipuna,Bleaching-Lilipuna,22,11.5,4.569542,0.166694595,715556,0.779115833,0.009,230.8324752,0.173676516,11984.43334,0.38391651,0.011962745,102.6866667,69.71141026,25.65705128,1.410467631,0,1,D,D
M. capitata,2014 Oct,Bleaching,Lilipuna,Bleaching-Lilipuna,23,14.5,5.669391,0.156964224,1150000,1.615313333,0.011,129.1283928,0.604590331,13521.79046,0.087621787,0.015530235,100.7166667,67.38141026,61.12705128,0.609771561,0,1,D,D
M. capitata,2014 Oct,Bleaching,Lilipuna,Bleaching-Lilipuna,24,20.5,14.752015,0.248264613,738333,1.546954167,0.01,245.7292312,0.552017259,13473.93513,0.122670502,0.01001537,136.9266667,98.21141026,67.52705128,-1.290724802,0.023348982,0.976651018,DC,D
M. capitata,2014 Oct,Bleaching,Lilipuna,Bleaching-Lilipuna,25,15,7.727173,0.270592409,900000,1.5838425,0.01,186.1385361,1.818807069,7481.191251,0.18833801,0.011968754,115.0366667,85.51141026,37.32705128,0.379938357,0,1,D,D
M. capitata,2014 Oct,Bleaching,Lilipuna,Bleaching-Lilipuna,26,20.5,8.330316,0.254028812,424583,1.620340556,0.01,174.4984924,0.67058392,7300.36276,0.228283888,0.009707075,122.9666667,87.94141026,63.38705128,-0.557309688,0.658732294,0.341267706,CD,C
M. capitata,2014 Oct,Bleaching,Lilipuna,Bleaching-Lilipuna,27,11.5,7.407862,0.205273898,881667,1.39255,0.011,237.3019212,0.015979667,18445.56462,0.35155267,0.014731415,121.6566667,92.21141026,48.15705128,-0.243791811,0,1,D,D
M. capitata,2014 Oct,Bleaching,Lilipuna,Bleaching-Lilipuna,28,17,6.76924,0.13997571,820556,0.977785,0.009,186.2421253,0.133731227,16112.23696,0.142089429,0.014235403,107.1766667,67.15141026,25.47705128,1.366929745,0,1,D,D
M. capitata,2014 Oct,Bleaching,Lilipuna,Bleaching-Lilipuna,29,20.5,13.86504,0.352035204,328889,1.53176,0.01,192.512444,0.480275563,21648.96956,0.200114818,0.011020035,134.8066667,106.6814103,54.29705128,-1.117806691,1,0,C,C
M. capitata,2014 Oct,Bleaching,Lilipuna,Bleaching-Lilipuna,30,10,7.83361,0.230207965,381667,1.470220833,0.011,136.3890461,0.53587705,19134.94158,0.12462257,0.024529255,104.8066667,72.06141026,40.88705128,0.902881892,0.692508962,0.307491038,CD,C
M. capitata,2014 Oct,Bleaching,Lilipuna,Bleaching-Lilipuna,31,11.5,4.356668,0.198834881,525556,0.859956667,0.009,-93.83640989,0.608723871,16306.36214,0.192228591,0.016807878,97.73666667,63.63141026,13.85705128,2.000075345,0,1,D,D
M. capitata,2014 Oct,Bleaching,Lilipuna,Bleaching-Lilipuna,32,11,5.988702,0.206239641,217222,1.010223333,0.008,101.2045553,0.053246855,14382.44278,0.114100404,0.015252648,137.3566667,105.6714103,61.36705128,-1.3386093,1,0,C,C
M. capitata,2014 Oct,Bleaching,Lilipuna,Bleaching-Lilipuna,33,9.5,3.540651,0.229442061,643333,1.213304167,0.009,298.8725517,0.209443261,10450.55684,0.499961334,0.01480122,124.8866667,89.43141026,52.02705128,-0.353407309,0.045774578,0.954225422,DC,D
M. capitata,2014 Oct,Bleaching,Lilipuna,Bleaching-Lilipuna,34,10.5,9.146333,0.295861203,377500,2.02018,0.011,75.99733186,0.322251645,8614.564642,0.211765367,0.013349798,135.0366667,108.2914103,60.90705128,-1.335848147,1,0,C,C
M. capitata,2014 Oct,Bleaching,Lilipuna,Bleaching-Lilipuna,35,13.5,5.562954,0.236833839,1074444,1.919816667,0.01,85.30221535,0.221403582,17872.56109,0.644958262,0.013919954,94.20666667,67.46141026,38.31705128,1.361305784,0,1,D,D
M. capitata,2014 Oct,Bleaching,Lilipuna,Bleaching-Lilipuna,41,10.5,4.498584,0.206835702,861111,1.391985833,0.008,109.49021,0.259104253,13142.31757,0.133731227,0.01900875,111.3766667,74.12141026,63.08705128,0.109478574,0,1,D,D
M. capitata,2014 Oct,Bleaching,Lilipuna,Bleaching-Lilipuna,42,10.5,4.463105,0.294030986,340556,1.637404444,0.009,69.2380694,0.143474106,16609.28661,0.040992602,0.016705477,128.3966667,86.87141026,65.41705128,-0.720801173,1,0,C,C
M. capitata,2014 Oct,Bleaching,Lilipuna,Bleaching-Lilipuna,43,18,6.378971,0.22640154,950556,1.737865833,0.009,296.5843817,1.006777033,20120.65559,0.097745343,0.01418966,92.84666667,59.96141026,22.21705128,2.006580208,0,1,D,D
M. capitata,2014 Oct,Bleaching,Lilipuna,Bleaching-Lilipuna,44,15,7.230467,0.255059831,1232222,1.506651667,0.011,197.0309678,0.17432486,10143.45666,0.224131962,0.013939056,97.40666667,63.50141026,34.97705128,1.468776194,0,1,D,D
M. capitata,2014 Oct,Bleaching,Lilipuna,Bleaching-Lilipuna,45,13.5,6.201576,0.373055006,385000,1.681973333,0.01,209.6505,0.448533379,17186.73222,0.213587323,0.015124327,134.9602439,123.9682927,94.45914634,-2.607153881,1,0,C,C
M. capitata,2014 Oct,Bleaching,Reef 14,Bleaching-Reef 14,46,9,4.569542,0.185929446,444444,0.869329167,0.01,206.3728824,0.280169562,16927.06155,0.627579818,0.013192868,159.5102439,150.0082927,89.39914634,-3.788426834,0,1,D,D
M. capitata,2014 Oct,Bleaching,Reef 14,Bleaching-Reef 14,47,13,9.678518,0.320489388,376667,1.367923333,0.01,332.9097195,0.685634077,11105.811,0.966417556,0.01117051,158.1402439,146.8782927,98.44914634,-3.904099408,0.649140664,0.350859336,CD,C
M. capitata,2014 Oct,Bleaching,Reef 14,Bleaching-Reef 14,48,30,17.306503,0.270250484,1305556,2.011043333,0.01,325.6181159,0.300084684,19787.21002,0.734324874,0.013587775,113.0402439,101.1782927,62.16914634,-0.617847842,0,1,D,D
M. capitata,2014 Oct,Bleaching,Reef 14,Bleaching-Reef 14,49,27.5,12.233006,0.307344334,270476,1.202400833,0.023,169.6094066,1.005516525,14353.84184,0.25741223,0.012366928,161.9702439,156.0282927,93.15914634,-4.105815462,1,0,C,C
M. capitata,2014 Oct,Bleaching,Reef 14,Bleaching-Reef 14,50,13,5.314601,0.157738907,517778,1.834114167,0.009,179.1520481,0.364980807,10350.49128,0.145992323,0.014705995,116.3202439,105.7582927,67.50914634,-0.959211767,0.041053816,0.958946184,DC,D
M. capitata,2014 Oct,Bleaching,Reef 14,Bleaching-Reef 14,51,14,5.030769,0.174542618,519444,2.373154167,0.009,123.5573,0.311201,9578.240504,0.147532326,0.009511731,100.3102439,101.4882927,66.55914634,-0.412309982,1,0,C,C
M. capitata,2014 Oct,Bleaching,Reef 14,Bleaching-Reef 14,52,8.5,3.966399,0.234503817,635556,1.694554167,0.01,182.6747658,-0.061848752,9354.500611,0.865882532,0.012569073,142.8302439,132.4882927,78.35914634,-2.618001182,0.016853783,0.983146217,DC,D
M. capitata,2014 Oct,Bleaching,Reef 14,Bleaching-Reef 14,53,17,8.081963,0.201411606,339444,1.953420833,0.006,286.1181703,0.371504839,21781.27148,0.402099355,0.012935809,114.6702439,106.9282927,65.49914634,-0.89581846,0.960028627,0.039971373,CD,C
M. capitata,2014 Oct,Bleaching,Reef 14,Bleaching-Reef 14,54,9.5,3.540651,0.183155299,612778,1.954884167,0.008,107.3192323,1.377842683,12619.74501,0.166622836,0.019862966,106.5102439,109.7282927,81.70914634,-1.176680595,1,0,C,C
M. capitata,2014 Oct,Bleaching,Reef 14,Bleaching-Reef 14,55,14.5,6.982114,0.214962787,363889,1.279751111,0.009,52.20735396,0.005393195,7231.406547,0.621296055,0.011080084,138.0402439,131.9682927,85.34914634,-2.661284128,1,0,C,C
M. capitata,2014 Oct,Bleaching,Reef 14,Bleaching-Reef 14,56,9.5,3.824483,0.146255776,140556,1.062577222,0.008,56.43530437,0.123148301,15382.09264,0.232862242,0.017568602,154.0702439,142.8682927,96.42914634,-3.64277503,1,0,C,C
M. capitata,2014 Oct,Bleaching,Reef 14,Bleaching-Reef 14,57,14,10.813846,0.166919509,774444,2.8547225,0.011,179.5480104,0.946399543,13488.00971,1.851501651,0.010375506,109.9302439,110.6382927,85.34914634,-1.381846703,1,0,C,C
M. capitata,2014 Oct,Bleaching,Reef 14,Bleaching-Reef 14,58,14,7.230467,0.193793267,679444,1.9263925,0.008,244.2402719,1.45688172,12279.40669,0.733140479,0.01282793,130.7102439,117.5782927,78.07914634,-1.909598956,0,1,D,D
M. capitata,2014 Oct,Bleaching,Reef 14,Bleaching-Reef 14,59,20,9.643039,0.312072904,762222,2.799356667,0.011,213.0119549,0.499185361,23234.63815,0.295813547,0.015266033,104.9402439,105.5682927,70.68914634,-0.744097385,1,0,C,C
M. capitata,2014 Oct,Bleaching,Reef 14,Bleaching-Reef 14,60,23.5,19.151411,0.24423139,392778,2.384271667,0.011,125.7332194,0.908324789,31258.33581,0.662542787,0.011370156,139.6102439,131.8382927,96.67914634,-2.98954215,0.274190601,0.725809399,DC,D
M. capitata,2014 Oct,Bleaching,Reef 14,Bleaching-Reef 14,61,14.5,5.882265,0.14981615,427222,1.482405,0.007,185.9970571,0.614057585,20763.3604,0.245623034,0.019023462,111.7902439,105.5882927,75.24914634,-1.037614783,0,1,D,D
M. capitata,2014 Oct,Bleaching,Reef 14,Bleaching-Reef 14,62,11.5,3.682567,NA,523333,1.648727222,0.009,121.2397507,0.62481329,16916.22019,0.219446619,0.016456068,124.7302439,112.7282927,77.33914634,-1.610209309,0.050353997,0.949646003,DC,D
M. capitata,2014 Oct,Bleaching,Reef 14,Bleaching-Reef 14,63,17.5,13.545729,0.273801481,905556,1.777863333,0.01,123.0401257,0.057629815,13121.56963,0.202856948,0.018500104,137.9102439,130.6082927,85.84914634,-2.63520815,0,1,D,D
M. capitata,2014 Oct,Bleaching,Reef 14,Bleaching-Reef 14,64,12.5,4.001878,0.202124239,551111,1.277419167,0.009,159.8895014,0.835915741,16788.18508,0.254755274,0.013714432,116.8102439,105.4982927,69.88914634,-1.026184732,0,1,D,D
M. capitata,2014 Oct,Bleaching,Reef 14,Bleaching-Reef 14,65,10,5.066248,0.152335724,361667,1.384724167,0.008,113.6918311,1.011723417,25791.62656,2.266260454,0.023786736,134.6702439,127.7382927,86.48914634,-2.493426949,1,0,C,C
M. capitata,2014 Oct,Bleaching,Reef 14,Bleaching-Reef 14,66,10,5.101727,0.212353861,330556,3.212216667,0.011,86.26575563,0.521644251,8549.557206,0.143031488,0.017186393,110.9802439,104.0682927,71.42914634,-0.878804471,1,0,C,C
M. capitata,2014 Oct,Bleaching,Reef 14,Bleaching-Reef 14,67,19.5,7.975526,0.253026018,1286667,3.602605,0.01,88.12885419,0.423554679,9545.190376,0.231029825,0.014200448,103.8302439,96.79829268,56.69914634,-0.12625703,0.002886562,0.997113438,DC,D
M. capitata,2014 Oct,Bleaching,Reef 14,Bleaching-Reef 14,68,28,18.654705,0.252318163,583333,1.465915833,0.011,113.2830211,1.766084814,13455.4411,0.147173734,0.007109288,65.2502439,68.84829268,43.96914634,1.922442744,1,0,C,C
M. capitata,2014 Oct,Bleaching,Reef 14,Bleaching-Reef 14,69,21,23.337933,0.313370638,1276111,3.310330833,0.011,103.3159507,-0.172915698,9331.758705,0.256392241,0.010091349,116.2702439,109.1582927,67.26914634,-1.040757388,0.001238406,0.998761594,DC,D
M. capitata,2014 Oct,Bleaching,Reef 14,Bleaching-Reef 14,70,35.5,13.935998,0.240866593,459444,2.48852,0.009,135.7788051,1.515148085,4546.197699,0.149109812,0.00895717,99.9902439,98.51829268,63.58914634,-0.249973648,1,0,C,C
M. capitata,2014 Oct,Bleaching,Reef 14,Bleaching-Reef 14,71,12,7.194988,0.248306986,656111,2.113204167,0.01,180.6235662,0.009699822,15127.68987,0.446191801,0.013688325,125.4602439,116.2982927,67.07914634,-1.458517944,0.000270684,0.999729316,DC,D
M. capitata,2014 Oct,Bleaching,Reef 14,Bleaching-Reef 14,72,18,25.289278,0.273966722,449444,0.8610925,0.011,106.0056707,0.145934137,17036.25269,0.103012332,0.009968954,117.4902439,113.0282927,67.27914634,-1.173614146,0.479327998,0.520672002,DC,D
M. capitata,2014 Oct,Bleaching,Reef 14,Bleaching-Reef 14,73,16,11.310552,0.202862692,527778,2.07192,0.009,113.396989,0.878692492,5901.734135,0.103782578,0.00853905,103.0502439,106.0282927,76.19914634,-0.849362597,1,0,C,C
M. capitata,2014 Oct,Bleaching,Reef 14,Bleaching-Reef 14,75,12,6.343492,0.274568684,379444,1.611541667,0.009,187.1225361,0.118165571,13292.12714,0.08123883,0.015659455,109.9102439,112.7882927,80.60914634,-1.315709395,1,0,C,C
M. capitata,2014 Oct,Bleaching,Reef 14,Bleaching-Reef 14,76,13.5,9.749476,0.308485867,428889,2.13973,0.012,100.7732383,0.285130039,12436.77496,0.174966161,0.013468373,112.3002439,115.0682927,75.84914634,-1.314283022,1,0,C,C
M. capitata,2014 Oct,Bleaching,Reef 14,Bleaching-Reef 14,77,23,8.365795,0.15932374,364444,1.9760075,0.01,99.20207397,0.763843405,24756.44433,0.273375534,0.016246215,106.8202439,105.4082927,72.42914634,-0.832885261,1,0,C,C
M. capitata,2014 Oct,Bleaching,Reef 14,Bleaching-Reef 14,78,12.5,6.520887,0.230897895,277222,1.452451667,0.01,139.3931687,1.323846189,15915.19923,0.168812601,0.016046575,115.6702439,111.0482927,71.13914634,-1.174369054,0.990771031,0.009228969,CD,C
M. capitata,2014 Oct,Bleaching,Reef 14,Bleaching-Reef 14,79,8.5,8.685106,0.274130282,291667,1.513388333,0.011,162.6213311,0.451311347,18824.82139,0.444864042,0.012275891,142.2302439,140.3582927,89.49914634,-3.095120176,1,0,C,C
M. capitata,2014 Oct,Bleaching,Reef 14,Bleaching-Reef 14,80,14,13.51025,0.215303256,391111,1.3164875,0.01,42.61796123,0.960293914,11373.52782,0.234402451,0.018591986,216.1902439,134.9682927,98.31914634,-5.078115213,1,0,C,C
M. capitata,2014 Oct,Bleaching,Reef 14,Bleaching-Reef 14,81,12.5,10.352619,0.260171984,970476,2.100775833,0.01,159.9968507,0.423554679,14780.43602,0.308039767,0.019667256,118.6702439,110.5282927,74.25914634,-1.317955101,0,1,D,D
M. capitata,2014 Oct,Bleaching,Reef 14,Bleaching-Reef 14,82,9,5.633912,0.19829703,182778,0.655671667,0.008,73.42920063,0.136426904,12340.74835,0.196113674,0.025961587,178.5002439,197.6482927,125.0191463,-6.438702404,0.508427591,0.491572409,CD,C
M. capitata,2014 Oct,Bleaching,Reef 14,Bleaching-Reef 14,83,18.5,13.616687,0.174289989,1190556,2.4866475,0.011,-211.8317634,1.86546484,11970.45601,0.137913743,0.009900136,78.2202439,76.93829268,63.74914634,0.869256685,0.996876783,0.003123217,CD,C
M. capitata,2014 Oct,Bleaching,Reef 14,Bleaching-Reef 14,84,12,8.365795,0.273658262,1133333,3.495085833,0.011,95.40159667,0.802286713,12208.51411,0.11142871,0.015988889,120.8102439,109.8982927,70.93914634,-1.270975723,0.299727988,0.700272012,DC,D
M. capitata,2014 Oct,Bleaching,Reef 14,Bleaching-Reef 14,85,9,4.888853,0.275020352,438333,2.417005833,0.01,152.6035622,0.299838051,12227.43255,0.0946857,0.016044631,123.2202439,114.8182927,75.83914634,-1.587606114,0,1,D,D
M. capitata,2015 Feb,Recovery,Lilipuna,Recovery-Lilipuna,1,20,21.564495,0.619,1666667,3.045,0.011,33.99263199,0.316836148,11645.8734,0.788569969,0.000254195,87.9902439,69.57829268,39.68914634,1.430071442,0,1,D,D
M. capitata,2015 Feb,Recovery,Lilipuna,Recovery-Lilipuna,2,10.5,9.094484,0.194,1105000,2.362,0.008,84.92954327,0.333864685,20351.79742,0.805726773,0.00015278,97.6002439,85.61829268,55.78914634,0.349615983,0,1,D,D
M. capitata,2015 Feb,Recovery,Lilipuna,Recovery-Lilipuna,3,12.5,5.949229,0.206,486667,2.666,0.006,84.34976864,0.432473784,26104.04265,1.495747713,0.000128571,109.7002439,92.20829268,61.89914634,-0.290420333,1,0,C,C
M. capitata,2015 Feb,Recovery,Lilipuna,Recovery-Lilipuna,4,13.5,6.134244,0.28,1380000,2.108,0.008,94.06108382,0.265711678,32858.55324,2.14236553,0.000106465,80.7402439,63.76829268,38.12914634,1.808258131,0.005021124,0.994978876,DC,D
M. capitata,2015 Feb,Recovery,Lilipuna,Recovery-Lilipuna,5,15.5,11.055643,0.357,870000,1.803,0.012,132.1885444,0.362034672,19769.61375,1.313818577,0.0001975,106.2702439,88.42829268,52.91914634,0.127464219,0.002538991,0.997461009,DC,D
M. capitata,2015 Feb,Recovery,Lilipuna,Recovery-Lilipuna,6,12,6.94831,0.253,1161667,1.828,0.01,189.1328274,0.269796258,25182.36288,1.928143924,0.000118512,102.1702439,81.37829268,48.46914634,0.53163029,0.000802551,0.999197449,DC,D
M. capitata,2015 Feb,Recovery,Lilipuna,Recovery-Lilipuna,7,12,7.207331,0.298,630000,2.079,0.01,44.13765752,0.204333586,12602.60371,0.809550208,0.000169967,76.1102439,62.19829268,40.18914634,1.915146777,0.923825405,0.076174595,CD,C
M. capitata,2015 Feb,Recovery,Lilipuna,Recovery-Lilipuna,8,22,25.412807,0.406,1151667,2.466,0.009,144.4975269,0.22132967,38354.27588,2.048880376,0.000164318,74.6602439,54.17829268,27.88914634,2.478612789,0,1,D,D
M. capitata,2015 Feb,Recovery,Lilipuna,Recovery-Lilipuna,9,15,10.130568,0.448,1166667,2.061,0.009,86.84402677,0.056727981,24460.88712,1.5379586,0.000282145,106.3602439,75.78829268,57.62914634,0.334895811,0.001489752,0.998510248,DC,D
M. capitata,2015 Feb,Recovery,Lilipuna,Recovery-Lilipuna,10,21.5,12.905793,0.357,1060000,2.834,0.011,98.74020555,1.028930932,18870.06599,1.028930932,0.000190584,112.7602439,97.35829268,59.79914634,-0.449718348,0.165765268,0.834234732,DC,D
M. capitata,2015 Feb,Recovery,Lilipuna,Recovery-Lilipuna,11,15,6.060238,0.243,588333,2.533,0.01,92.31604067,1.149495821,18417.40032,1.053704503,0.000349978,85.8302439,69.94829268,51.49914634,1.172063912,1,0,C,C
M. capitata,2015 Feb,Recovery,Lilipuna,Recovery-Lilipuna,12,12,5.875223,0.243,813333,1.15,0.009,115.870736,0.1483467,27323.16717,1.294148354,0.000276376,119.8202439,104.0582927,63.64914634,-0.905222865,0,1,D,D
M. capitata,2015 Feb,Recovery,Lilipuna,Recovery-Lilipuna,13,22.5,18.863276,0.281,1340000,2.815,0.01,137.1395615,1.287060585,32962.35069,1.828151362,0.000309345,94.0202439,78.02829268,48.55914634,0.826074652,0.000686714,0.999313286,DC,D
M. capitata,2015 Feb,Recovery,Lilipuna,Recovery-Lilipuna,14,15,13.349829,0.37,1240000,4.378,0.01,92.52832755,3.816886916,24875.87095,1.28189787,0.000488936,82.6602439,73.83829268,54.77914634,1.067199384,0.802691047,0.197308953,CD,C
M. capitata,2015 Feb,Recovery,Lilipuna,Recovery-Lilipuna,15,16,18.78927,0.38,1336667,4.041,0.012,74.21976605,0.966123782,19705.3758,1.000967591,0.000336626,95.2702439,82.71829268,52.21914634,0.577112209,0.86584745,0.13415255,CD,C
M. capitata,2015 Feb,Recovery,Lilipuna,Recovery-Lilipuna,16,13.5,6.319259,0.222,700000,1.991,0.008,93.11562999,0.151274616,20784.3909,1.159772059,0.000219831,109.6902439,90.30829268,51.93914634,0.015724635,0,1,D,D
M. capitata,2015 Feb,Recovery,Lilipuna,Recovery-Lilipuna,17,21.5,15.051967,0.267,863333,1.516,0.012,46.95628642,0.164561098,13852.46515,0.789893271,0.000203024,108.6702439,92.28829268,54.44914634,-0.074492223,0.005076486,0.994923514,DC,D
M. capitata,2015 Feb,Recovery,Lilipuna,Recovery-Lilipuna,18,21.5,17.790189,0.367,1033333,3.356,0.01,106.4770722,0.223822935,25613.09907,1.689117083,0.000215232,99.5302439,77.94829268,45.13914634,0.774780032,0,1,D,D
M. capitata,2015 Feb,Recovery,Lilipuna,Recovery-Lilipuna,19,17.5,21.120459,0.464,1410000,6.348,0.011,74.93643749,0.050748318,15774.40995,1.132895774,0.00017251,76.0002439,59.09829268,35.41914634,2.121791743,0.616190887,0.383809113,CD,C
M. capitata,2015 Feb,Recovery,Lilipuna,Recovery-Lilipuna,20,15.5,9.871547,0.312,1211667,2.408,0.008,45.17494694,0.658013458,25081.22175,1.214794076,0.000304981,96.0302439,73.70829268,43.67914634,1.013100992,0,1,D,D
M. capitata,2015 Feb,Recovery,Lilipuna,Recovery-Lilipuna,21,10,8.613445,0.299,1508333,3.098,0.011,88.27436966,0.402384554,20618.75965,1.111177494,0.000284362,96.3602439,78.57829268,49.61914634,0.724389589,0,1,D,D
M. capitata,2015 Feb,Recovery,Lilipuna,Recovery-Lilipuna,22,18.5,8.354424,0.116,551667,1.344,0.008,89.36405997,0.397985761,44908.78039,2.527812591,0.00017629,89.3802439,47.90829268,62.24914634,1.381460956,0.003914327,0.996085673,DC,D
M. capitata,2015 Feb,Recovery,Lilipuna,Recovery-Lilipuna,23,12.5,13.090808,0.222,1055000,2.113,0.011,194.5226276,0.945364565,40730.49156,2.62181106,0.000174504,87.8102439,42.84829268,71.08914634,1.326840607,0,1,D,D
M. capitata,2015 Feb,Recovery,Lilipuna,Recovery-Lilipuna,24,32.5,38.067833,0.316,1048333,3.735,0.013,132.4859276,0.452801779,34638.76077,2.155560073,0.000234557,80.3102439,58.00829268,38.46914634,1.961321985,1,0,C,C
M. capitata,2015 Feb,Recovery,Lilipuna,Recovery-Lilipuna,25,22.5,22.970609,0.304,1430000,2.393,0.011,91.71688362,0.248312518,27768.10235,1.219490367,0.000256651,103.2902439,85.09829268,53.70914634,0.270759325,0,1,D,D
M. capitata,2015 Feb,Recovery,Lilipuna,Recovery-Lilipuna,26,12,11.277661,0.344,1408333,3.699,0.009,145.3986427,0.671079935,36803.27455,1.672836938,0.000262038,97.6102439,79.94829268,50.77914634,0.626628998,0,1,D,D
M. capitata,2015 Feb,Recovery,Lilipuna,Recovery-Lilipuna,27,12,8.169409,0.338,981667,3.026,0.009,83.4355515,0.525771595,21557.1535,1.094509472,0.000283712,110.3102439,91.67829268,64.44914634,-0.357775979,0.995694381,0.004305619,CD,C
M. capitata,2015 Feb,Recovery,Lilipuna,Recovery-Lilipuna,28,19,30.519221,0.486,1231667,3.828,0.013,91.7284532,3.160378238,11125.83591,0.81496048,0.000327269,72.2502439,53.79829268,28.37914634,2.537780354,0,1,D,D
M. capitata,2015 Feb,Recovery,Lilipuna,Recovery-Lilipuna,29,22,30.556224,0.464,1040000,3.14,0.01,61.25257698,0.580100733,23937.18784,0.80247268,0.000733887,111.3802439,92.13829268,54.54914634,-0.142655602,NA,NA,NA,NA
M. capitata,2015 Feb,Recovery,Lilipuna,Recovery-Lilipuna,30,22.5,18.012207,0.415,1225000,3.242,0.012,69.85281579,0.185718596,34804.98129,1.139074058,0.000235574,106.4602439,93.46829268,52.64914634,-0.002396139,0,1,D,D
M. capitata,2015 Feb,Recovery,Lilipuna,Recovery-Lilipuna,31,17.5,14.052886,0.319,1268333,3.966,0.009,72.58312013,0.804749166,27948.43974,1.458016137,0.000437678,95.4402439,80.93829268,57.26914634,0.489469051,1,0,C,C
M. capitata,2015 Feb,Recovery,Lilipuna,Recovery-Lilipuna,32,16,18.974285,0.431,1650000,3.733,0.011,103.0960797,1.343334943,26313.6828,1.111009382,0.000329975,95.5802439,80.93829268,42.69914634,0.860591217,0.21481807,0.78518193,DC,D
M. capitata,2015 Feb,Recovery,Lilipuna,Recovery-Lilipuna,33,17.5,11.832706,0.257,1475000,2.974,0.01,130.2500858,0.726986966,29934.52327,1.405508134,0.000192864,79.7302439,61.57829268,38.38914634,1.884807212,0.044190597,0.955809403,DC,D
M. capitata,2015 Feb,Recovery,Lilipuna,Recovery-Lilipuna,34,18,12.979799,0.237,966667,1.646,0.009,72.69352356,0.486468449,28116.01997,1.316233332,0.000214588,127.4302439,101.9982927,54.91914634,-0.82199441,0,1,D,D
M. capitata,2015 Feb,Recovery,Lilipuna,Recovery-Lilipuna,35,13,6.800298,0.159,1126667,2.823,0.011,113.2690024,1.075029827,40487.22348,2.251238932,0.000155994,83.6002439,64.20829268,41.07914634,1.647505928,0,1,D,D
M. capitata,2015 Feb,Recovery,Lilipuna,Recovery-Lilipuna,36,17,16.680099,0.354,1058333,2.803,0.009,109.2782059,0.391168484,19610.89985,0.982267527,0.000308523,102.3902439,88.54829268,60.19914634,0.036626253,1,0,C,C
M. capitata,2015 Feb,Recovery,Lilipuna,Recovery-Lilipuna,37,27.5,27.410969,0.312,1130000,4.275,0.01,0.200331405,0.19965169,17876.05781,0.645984135,0.000255859,99.0002439,77.04829268,52.76914634,0.615705282,0.6639948,0.3360052,CD,C
M. capitata,2015 Feb,Recovery,Lilipuna,Recovery-Lilipuna,38,18.5,13.571847,0.483,1451667,3.616,0.011,74.14009053,0.751971411,18446.21323,0.53192083,0.000417293,73.5002439,52.26829268,27.25914634,2.57456943,0,1,D,D
M. capitata,2015 Feb,Recovery,Lilipuna,Recovery-Lilipuna,39,25,25.523816,0.461,1813333,3.897,0.011,90.72941846,0.382472499,24909.82252,1.356502462,0.000439562,93.7702439,70.67829268,43.89914634,1.144732709,0.032159302,0.967840698,DC,D
M. capitata,2015 Feb,Recovery,Lilipuna,Recovery-Lilipuna,40,22.5,20.602417,0.335,1008333,1.249,0.01,88.33797234,1.057945609,28630.81083,1.777651977,0.000240189,101.3102439,76.66829268,42.48914634,0.83077794,0,1,D,D
M. capitata,2015 Feb,Recovery,Reef 14,Recovery-Reef 14,41,16.5,9.760538,0.257,1265000,3.569,0.012,198.7817003,0.554333318,20368.88511,1.600703447,0.000392544,98.5902439,86.37829268,62.26914634,0.137672196,0.063852882,0.936147118,DC,D
M. capitata,2015 Feb,Recovery,Reef 14,Recovery-Reef 14,42,20,12.091727,0.202,708333,2.76,0.009,57.60245498,1.635158307,19790.35665,1.432099433,0.000377734,100.6602439,78.66829268,57.01914634,0.421413941,1,0,C,C
M. capitata,2015 Feb,Recovery,Reef 14,Recovery-Reef 14,43,11,3.211007,0.113,955000,1.469,0.008,86.46293246,0.449712769,29728.19028,1.615810091,0.000836364,91.6202439,65.99829268,46.67914634,1.250895652,0,1,D,D
M. capitata,2015 Feb,Recovery,Reef 14,Recovery-Reef 14,44,15,9.353505,0.333,1635000,2.96,0.01,139.0614702,-0.067407274,21690.70587,1.249281477,0.001341637,94.5902439,72.00829268,51.45914634,0.894453539,0,1,D,D
M. capitata,2015 Feb,Recovery,Reef 14,Recovery-Reef 14,45,14,8.724454,0.16,1018333,2.157,0.008,117.6221139,0.626697675,27085.03352,1.353127883,0.000691578,105.4202439,84.05829268,55.78914634,0.189849621,0.086263195,0.913736805,DC,D
M. capitata,2015 Feb,Recovery,Reef 14,Recovery-Reef 14,46,11,8.650448,0.255,1061667,2.722,0.009,61.32006161,1.420145588,29499.36522,2.543638542,0.000496642,92.7602439,70.95829268,54.38914634,0.893528757,0.200492687,0.799507313,DC,D
M. capitata,2015 Feb,Recovery,Reef 14,Recovery-Reef 14,47,14,4.173085,0.061,292778,0.938,0.008,24.11469894,0.638635183,13513.87379,0.877491957,0.000602017,106.0002439,98.43829268,77.43914634,-0.758247,1,0,C,C
M. capitata,2015 Feb,Recovery,Reef 14,Recovery-Reef 14,48,16.5,8.169409,0.302,900000,2.036,0.01,148.9653174,0.574107396,24982.2032,1.937244443,0.000229793,104.8902439,86.28829268,55.35914634,0.156130288,0.001301832,0.998698168,DC,D
M. capitata,2015 Feb,Recovery,Reef 14,Recovery-Reef 14,49,18.5,15.08897,0.286,1138333,3.632,0.01,77.68920011,0.20660371,17926.00936,1.159021308,0.00029454,101.3902439,82.42829268,59.74914634,0.234052921,1,0,C,C
M. capitata,2015 Feb,Recovery,Reef 14,Recovery-Reef 14,50,14.5,8.243415,0.333,753333,2.82,0.01,109.9078368,0.270191185,19691.32804,1.357347544,0.000262431,95.2502439,76.93829268,57.15914634,0.601878594,1,0,C,C
M. capitata,2015 Feb,Recovery,Reef 14,Recovery-Reef 14,51,12.5,8.317421,0.185,1160000,2.922,0.009,174.9634443,1.361258206,19053.2567,1.861987695,0.000236132,89.9602439,78.97829268,54.10914634,0.762619911,0,1,D,D
M. capitata,2015 Feb,Recovery,Reef 14,Recovery-Reef 14,52,18,12.535763,0.31,987143,3.245,0.01,62.24002862,0.198160404,19443.87255,1.646469604,0.000936336,90.0102439,76.45829268,62.53914634,0.610498401,1,0,C,C
M. capitata,2015 Feb,Recovery,Reef 14,Recovery-Reef 14,53,11.5,3.951067,0.104,266111,0.763,0.008,90.98570789,0.320957372,33030.0981,2.649171957,0.000195986,126.7602439,108.8882927,73.48914634,-1.462750506,1,0,C,C
M. capitata,2015 Feb,Recovery,Reef 14,Recovery-Reef 14,54,14.5,6.171247,0.201,1746667,3.609,0.009,163.5855314,0.756019434,19318.24284,1.608041335,0.000533129,89.3002439,81.49829268,59.36914634,0.578307869,0,1,D,D
M. capitata,2015 Feb,Recovery,Reef 14,Recovery-Reef 14,55,28,21.194465,0.305,973333,3.838,0.008,23.991763,0.374111435,10513.04117,0.972374024,0.000233361,84.6902439,67.05829268,56.02914634,1.160454942,1,0,C,C
M. capitata,2015 Feb,Recovery,Reef 14,Recovery-Reef 14,56,15,7.429349,0.241,710000,3.202,0.01,90.41038272,0.501549371,14353.78295,1.259000377,0.000277439,89.5802439,76.98829268,59.73914634,0.679666151,1,0,C,C
M. capitata,2015 Feb,Recovery,Reef 14,Recovery-Reef 14,57,12.5,6.985313,0.245,528333,2.033,0.01,83.6099899,0.13554971,16966.69219,1.138617568,0.000368376,121.1102439,109.2182927,75.94914634,-1.389719281,0.057000459,0.942999541,DC,D
M. capitata,2015 Feb,Recovery,Reef 14,Recovery-Reef 14,58,22,12.905793,0.377,926667,3.763,0.008,188.7551357,1.376906539,21787.22911,1.764347773,0.000461935,84.5702439,68.24829268,50.88914634,1.264574335,1,0,C,C
M. capitata,2015 Feb,Recovery,Reef 14,Recovery-Reef 14,59,15,11.906712,0.401,1161667,2.516,0.008,150.5547962,0.379077041,34066.57912,1.826790311,0.000311885,99.7802439,75.15829268,52.03914634,0.663944508,0.000763405,0.999236595,DC,D
M. capitata,2015 Feb,Recovery,Reef 14,Recovery-Reef 14,60,15.5,12.165733,0.351,1060000,3.493,0.01,174.1519956,1.779436982,21322.95769,1.432099433,0.000616098,91.6702439,71.27829268,52.87914634,0.951947781,0.975449425,0.024550575,CD,C
M. capitata,2015 Feb,Recovery,Reef 14,Recovery-Reef 14,61,15.5,10.500598,0.334,685000,2.597,0.01,110.6018591,0.793047808,17190.80564,1.094498729,0.00114313,103.1302439,82.00829268,55.55914634,0.308170966,0.749138108,0.250861892,CD,C
M. capitata,2015 Feb,Recovery,Reef 14,Recovery-Reef 14,62,13.5,6.615283,0.183,563333,1.774,0.01,39.8187562,0.649095795,33856.22183,2.155784823,0.00067225,97.9602439,83.28829268,62.57914634,0.226746432,0.926328169,0.073671831,CD,C
M. capitata,2015 Feb,Recovery,Reef 14,Recovery-Reef 14,63,12.5,6.726292,0.275,813333,2.091,0.01,88.61055073,0.451194873,15900.54613,1.206624004,0.00024602,106.5502439,89.15829268,59.86914634,-0.077568582,0,1,D,D
M. capitata,2015 Feb,Recovery,Reef 14,Recovery-Reef 14,64,16.5,9.205493,0.351,745000,2.435,0.01,50.20477809,0.416833216,11982.45855,0.716335601,0.000395547,83.6902439,64.07829268,46.55914634,1.50766469,0.753971993,0.246028007,CD,C
M. capitata,2015 Feb,Recovery,Reef 14,Recovery-Reef 14,65,13.5,11.38867,0.241,600000,2.062,0.007,26.40028092,0.191151888,13921.61571,1.149547909,0.000283377,109.4702439,92.75829268,61.45914634,-0.287601444,1,0,C,C
M. capitata,2015 Feb,Recovery,Reef 14,Recovery-Reef 14,66,14.5,11.832706,0.299,763333,1.884,0.01,40.59349089,0.266429253,15302.95065,1.10903884,0.001245574,107.2602439,85.10829268,55.59914634,0.120050137,0.223127247,0.776872753,DC,D
M. capitata,2015 Feb,Recovery,Reef 14,Recovery-Reef 14,67,12,5.394184,0.265,1041667,2.633,0.009,82.07589716,0.13255171,27841.44769,2.200358385,0.000247354,99.7802439,81.57829268,56.30914634,0.386073918,0.001673312,0.998326688,DC,D
M. capitata,2015 Feb,Recovery,Reef 14,Recovery-Reef 14,68,18.5,12.942796,0.333,833333,3.499,0.01,21.56131534,0.443979061,8239.290114,0.72477973,0.013612957,88.3802439,68.69829268,52.25914634,1.11982525,1,0,C,C
M. capitata,2015 Feb,Recovery,Reef 14,Recovery-Reef 14,69,19.5,10.27858,0.339,978333,2.444,0.009,44.70429872,0.217825533,8937.989033,0.667470238,0.0005858,89.8302439,77.65829268,50.62914634,0.890007076,0.018667243,0.981332757,DC,D
M. capitata,2015 Feb,Recovery,Reef 14,Recovery-Reef 14,70,15.5,8.872466,0.297,945000,2.28,0.019,120.2751713,0.754166375,31742.2026,2.088732136,0.000209802,97.4102439,84.50829268,58.37914634,0.316936002,0.012002409,0.987997591,DC,D
M. capitata,2015 Feb,Recovery,Reef 14,Recovery-Reef 14,71,20.5,11.425673,0.262,858333,2.747,0.012,119.1300212,0.469572215,37353.91304,2.540162077,0.000303245,90.3202439,77.85829268,58.73914634,0.663627831,1,0,C,C
M. capitata,2015 Feb,Recovery,Reef 14,Recovery-Reef 14,72,15.5,5.616202,0.234,836667,1.943,0.007,137.8396474,0.481276506,29725.66931,2.337628743,0.00024447,107.1102439,83.38829268,64.50914634,-0.060226921,0,1,D,D
M. capitata,2015 Feb,Recovery,Reef 14,Recovery-Reef 14,73,18.5,13.164814,0.346,1156667,3.35,0.008,184.2042358,0.384189194,38457.60917,2.219759789,0.000295021,80.2202439,68.71829268,52.15914634,1.331197286,0,1,D,D
M. capitata,2015 Feb,Recovery,Reef 14,Recovery-Reef 14,74,15,11.055643,0.329,815000,3.183,0.01,47.56194101,0.536031227,12382.30601,0.839120488,0.000403579,105.4702439,88.95829268,61.69914634,-0.09169286,1,0,C,C
M. capitata,2015 Feb,Recovery,Reef 14,Recovery-Reef 14,75,15,7.503355,0.329,1006667,3.169,0.007,88.82623014,0.305677692,12460.06537,0.909005176,0.000285893,102.9502439,87.62829268,62.29914634,-0.007664712,0.011137965,0.988862035,DC,D
M. capitata,2015 Feb,Recovery,Reef 14,Recovery-Reef 14,76,20,16.976123,0.41,1250000,2.908,0.009,95.04949465,0.88061177,15087.75587,0.70762048,0.000372733,107.5202439,88.50829268,56.56914634,-0.000566701,0,1,D,D
M. capitata,2015 Feb,Recovery,Reef 14,Recovery-Reef 14,77,19,10.241577,0.364,708333,2.166,0.009,56.55240721,0.56455227,21874.26845,1.190264368,0.000543884,108.3502439,96.67829268,70.25914634,-0.587802944,1,0,C,C
M. capitata,2015 Feb,Recovery,Reef 14,Recovery-Reef 14,78,34,26.004855,0.477,1360000,3.655,0.01,206.9639641,0.939090364,18689.17617,1.333026733,0.000693087,86.0502439,65.27829268,47.66914634,1.387165849,0,1,D,D
M. capitata,2015 Feb,Recovery,Reef 14,Recovery-Reef 14,79,17,8.132406,0.32,691667,1.958,0.011,82.81559525,0.159094514,13731.58157,1.004063156,0.000382633,100.4402439,80.92829268,56.18914634,0.389244319,0.046117919,0.953882081,DC,D
M. capitata,2015 Feb,Recovery,Reef 14,Recovery-Reef 14,80,12,4.136082,0.351,783333,2.734,0.009,102.1162866,0.345054058,20178.48376,1.222477234,0.00020654,96.9302439,78.78829268,55.40914634,0.555362501,1,0,C,C
M. capitata,2015 Oct,Bleaching,Lilipuna,Bleaching-Lilipuna,1,21,8.1954958,0.185295391,850833,0.369,0.01395,461.6058659,0.234024242,19149.72312,0.148924517,0.004610319,112.06,72.88,17.87,1.287344471,0.004112959,0.995887041,DC,D
M. capitata,2015 Oct,Bleaching,Lilipuna,Bleaching-Lilipuna,2,24.5,9.8984878,0.152633704,108500,0.418,0.007875,226.2950545,0.022110104,23476.44982,0.122833911,0.002363133,148.04,120.14,119.52,-3.486988319,0.558652884,0.441347116,CD,C
M. capitata,2015 Oct,Bleaching,Lilipuna,Bleaching-Lilipuna,3,26.5,7.8371579,0.254341958,750000,1.138,0.01579,1012.329034,1.504437633,48519.62955,0.230036335,0.003417061,111.96,62.94,22.83,1.422543538,0.009286676,0.990713324,DC,D
M. capitata,2015 Oct,Bleaching,Lilipuna,Bleaching-Lilipuna,4,20,7.2730418,0.190112402,520000,1.753,0.013335,585.4658627,0.106034127,27958.03561,0.174004721,0.005997171,117.02,65.18,35.7,0.903113956,0.994001649,0.005998351,CD,C
M. capitata,2015 Oct,Bleaching,Lilipuna,Bleaching-Lilipuna,5,18.5,6.4747643,0.133969883,12153,0.094,0.00734,403.3857033,0.286503431,26581.8494,0.087757808,0.003995959,156.33,144.81,98.29,-3.799428352,1,0,C,C
M. capitata,2015 Oct,Bleaching,Lilipuna,Bleaching-Lilipuna,6,32.5,12.7509994,0.177289417,111875,0.34,0.01134,472.5363556,0.402262716,19783.15996,0.091840803,0.003839435,156.34,116.1,67.88,-2.266064282,1,0,C,C
M. capitata,2015 Oct,Bleaching,Lilipuna,Bleaching-Lilipuna,7,31,17.4448711,0.09367147,46944,0.178,0.012195,229.5134889,-0.047059324,32673.62746,0.081569495,0.00438422,156.06,113.48,83.27,-2.586101181,0.963863216,0.036136784,CD,C
M. capitata,2015 Oct,Bleaching,Lilipuna,Bleaching-Lilipuna,8,25,10.920283,0.12730663,254375,0.968,0.01258,929.9133105,0.624892866,44926.06065,0.269051095,0.005020271,121.01,74.87,30.45,0.682129399,1,0,C,C
M. capitata,2015 Oct,Bleaching,Lilipuna,Bleaching-Lilipuna,9,34.5,9.075375,0.192932116,760000,1.621,0.01231,400.6404368,0.598768035,24695.59169,0.10235351,0.002907658,103.7,64.5,25.27,1.530844669,0.138079009,0.861920991,DC,D
M. capitata,2015 Oct,Bleaching,Lilipuna,Bleaching-Lilipuna,10,34,8.0287445,0.081670902,8403,0.021,0.012215,219.3767284,-0.124193962,31567.87663,0.137993292,0.001984587,172.81,164,137.84,-5.741663092,0.310989274,0.689010726,DC,D
M. capitata,2015 Oct,Bleaching,Lilipuna,Bleaching-Lilipuna,11,35.5,18.4915016,0.352057338,908333,2.618,0.012575,587.5842695,0.347974325,37167.18515,0.354797351,0.004669687,113.39,67.38,35.5,0.943787252,0.993067577,0.006932423,CD,C
M. capitata,2015 Oct,Bleaching,Lilipuna,Bleaching-Lilipuna,12,24.5,11.0444595,0.129253575,40185,0.095,0.01394,391.4817199,0.035772637,27791.21224,0.178863185,0.003367039,164.96,140.21,92.58,-3.753545508,0.94024239,0.05975761,CD,C
M. capitata,2015 Oct,Bleaching,Lilipuna,Bleaching-Lilipuna,13,22.5,13.2938281,0.163975336,55625,0.18,0.012485,550.4441021,0.145429683,42684.22812,0.412050769,0.001761059,165.84,145.25,105.65,-4.244186212,1,0,C,C
M. capitata,2015 Oct,Bleaching,Lilipuna,Bleaching-Lilipuna,14,27.5,11.949174,0.159999428,442813,0.723,0.013225,370.2169356,0.256499895,40243.22411,0.225408999,0.002092633,134.32,84.55,24.94,0.229012767,0.020932574,0.979067426,DC,D
M. capitata,2015 Oct,Bleaching,Lilipuna,Bleaching-Lilipuna,15,24,10.3135921,0.270416062,1048333,1.581,0.01222,379.8571542,0.981417426,28548.03997,0.218092761,0.00408908,121.3,72.74,31.46,0.704471119,0.907710184,0.092289816,CD,C
M. capitata,2015 Oct,Bleaching,Lilipuna,Bleaching-Lilipuna,16,25.5,6.0348247,0.139343641,542188,1.036,0.011865,370.2943354,0.69466424,22952.28547,0.151013965,0.001733858,113.12,57.26,27.39,1.4241953,0.036975977,0.963024023,DC,D
M. capitata,2015 Oct,Bleaching,Lilipuna,Bleaching-Lilipuna,17,49,5.9993457,0.081995908,265417,0.553,0.0113,432.2046637,0.266976058,34660.04963,0.18540004,0.001604671,121.69,74.62,39.07,0.449539426,0.021949312,0.978050688,DC,D
M. capitata,2015 Oct,Bleaching,Lilipuna,Bleaching-Lilipuna,18,28.5,12.2152665,0.177076898,285000,1.068,0.01141,616.9409444,0.574123755,27845.37112,0.432945783,0.003100389,137.05,87.42,41.55,-0.343323858,0.276767271,0.723232729,DC,D
M. capitata,2015 Oct,Bleaching,Lilipuna,Bleaching-Lilipuna,19,31.5,8.4793278,0.158825589,505833,1.172,0.012215,393.0498757,0.087811463,28401.49067,0.163914731,0.005574762,112.25,62.02,26.38,1.347887403,0.798502879,0.201497121,CD,C
M. capitata,2015 Oct,Bleaching,Lilipuna,Bleaching-Lilipuna,20,28,9.3308238,0.223689681,359688,1.118,0.01296,534.5894501,0.50845032,26781.02315,0.164187082,0.004406254,131.75,74.6,30.86,0.403145651,0.809515851,0.190484149,CD,C
M. capitata,2015 Oct,Bleaching,Lilipuna,Bleaching-Lilipuna,21,29.5,8.4261093,0.127245523,564167,1.325,0.012305,528.169251,0.371326994,28270.30863,0.339498966,0.002877516,105.73,58.64,19.13,1.79007487,0.004878768,0.995121232,DC,D
M. capitata,2015 Oct,Bleaching,Lilipuna,Bleaching-Lilipuna,22,23,8.9653901,0.254341958,17986,0.072,0.01249,295.4677298,-0.033781695,32531.05883,0.157647911,0.002272407,172.28,159.93,133.01,-5.497309673,0.874843245,0.125156755,CD,C
M. capitata,2015 Oct,Bleaching,Lilipuna,Bleaching-Lilipuna,23,34.5,8.4048219,0.168045908,561667,1.258,0.013725,446.8378604,0.334509498,33086.79305,0.168761548,0.002838129,113.89,64.5,20.29,1.397522908,0.011019498,0.988980502,DC,D
M. capitata,2015 Oct,Bleaching,Lilipuna,Bleaching-Lilipuna,24,23,9.6572306,0.194135435,180625,0.992,0.014435,328.6561774,0.017395758,29073.89806,0.15656182,0.001824447,127.18,70.8,26.51,0.731722442,0.8689131,0.1310869,CD,C
M. capitata,2015 Oct,Bleaching,Lilipuna,Bleaching-Lilipuna,25,35,10.1681282,0.080782827,392500,1.466,0.01029,307.0672904,0.374466236,20969.4584,0.09486478,0.002420108,110.61,53.95,14.82,1.898504774,0,1,D,D
M. capitata,2015 Oct,Bleaching,Lilipuna,Bleaching-Lilipuna,26,32,13.7337677,0.112477536,192500,0.675,0.014435,259.6015219,0.302267207,26116.87733,0.225500932,0.002001352,134.17,85.39,46.75,-0.350040694,1,0,C,C
M. capitata,2015 Oct,Bleaching,Lilipuna,Bleaching-Lilipuna,27,28,21.2872468,0.088083619,53264,0.805,0.013055,112.5690209,-0.053143146,28286.0541,0.159429437,0.003223551,143.92,97.98,54.16,-1.120287302,1,0,C,C
M. capitata,2015 Oct,Bleaching,Lilipuna,Bleaching-Lilipuna,28,25,12.2720329,0.129165061,612500,2.285,0.01447,299.6060777,0.684283057,32064.86891,0.146214328,0.001904036,109.52,72.83,44.97,0.656848476,1,0,C,C
M. capitata,2015 Oct,Bleaching,Lilipuna,Bleaching-Lilipuna,29,23,9.3414675,0.106741199,267188,0.808,0.013905,279.9351543,0.077568328,31900.24862,0.193920819,NA,131.27,99.01,56.01,-0.87032471,0.992039739,0.007960261,CD,C
M. capitata,2015 Oct,Bleaching,Lilipuna,Bleaching-Lilipuna,30,19,9.0115128,0.08582385,11667,0.054,0.01498,406.8752219,-0.024238281,40756.96098,0.105032549,0.003584436,156.02,143.38,107.96,-4.002738047,0.33710821,0.66289179,DC,D
M. capitata,2015 Oct,Bleaching,Lilipuna,Bleaching-Lilipuna,31,20.5,9.2421263,0.163892109,662500,1.502,0.01375,274.0370535,0.647715444,22627.12217,0.119947304,0.003861763,115.24,66.29,29.55,1.077885835,0.014792785,0.985207215,DC,D
M. capitata,2015 Oct,Bleaching,Lilipuna,Bleaching-Lilipuna,32,18.5,5.4955439,0.16344788,690833,1.622,0.01419,497.5227908,0.754622916,36366.09137,0.281134027,0.004658658,104.21,45.95,7.01,2.472952225,0.04327893,0.95672107,DC,D
M. capitata,2015 Oct,Bleaching,Lilipuna,Bleaching-Lilipuna,33,33,11.3566747,0.126190664,921250,2.182,0.014775,858.5701144,2.178898631,35518.51605,0.257603779,0.004428082,104.61,64.6,23.99,1.537802538,0.151913475,0.848086525,DC,D
M. capitata,2015 Oct,Bleaching,Lilipuna,Bleaching-Lilipuna,34,31.5,8.2912891,0.056949025,16528,0.024,0.013615,NA,NA,NA,NA,NA,163.18,165.67,139.14,-5.57177888,0.132345493,0.867654507,DC,D
M. capitata,2015 Oct,Bleaching,Lilipuna,Bleaching-Lilipuna,35,23.5,7.3830267,0.131753172,787500,0.398,0.01591,118.6567531,0.042214163,28003.72403,0.196999427,0.005511044,98.94,50.24,0.3,2.668411482,0.099313604,0.900686396,DC,D
M. capitata,2015 Oct,Bleaching,Lilipuna,Bleaching-Lilipuna,36,31.5,14.7413713,0.076591632,257500,0.827,0.01355,442.5377239,-0.262827324,18264.18309,0.129791271,0.001940304,131.16,95.4,55.61,-0.762717987,1,0,C,C
M. capitata,2015 Oct,Bleaching,Lilipuna,Bleaching-Lilipuna,37,23,13.3151155,0.185269322,29028,0.047,0.014105,281.1835153,0.083978736,37070.7422,0.023993924,0.00443668,157.61,146.55,108.45,-4.139107261,0.716685874,0.283314126,CD,C
M. capitata,2015 Oct,Bleaching,Lilipuna,Bleaching-Lilipuna,38,23,7.549778,0.318937147,753333,1.472,0.01551,243.9621216,0.053775328,19401.86118,0.147882153,0.004018126,114.22,68.86,32.51,0.960651586,0.009712162,0.990287838,DC,D
M. capitata,2015 Oct,Bleaching,Lilipuna,Bleaching-Lilipuna,39,24,12.9922566,0.403160279,1103333,2.368,0.01425,366.8619272,0.365945443,17986.74918,0.128952204,0.004729268,122.92,62.98,28.97,0.982436473,0.020334171,0.979665829,DC,D
M. capitata,2015 Oct,Bleaching,Lilipuna,Bleaching-Lilipuna,40,22,8.9121716,0.307748735,529167,1.52,0.015825,418.8625001,0.356100958,30403.28759,0.164354288,0.003362828,120.65,71.51,43.32,0.448325161,0.994517006,0.005482994,CD,C
M. capitata,2015 Oct,Bleaching,Reef 14,Bleaching-Reef 14,41,14.5,7.7236251,0.206376109,1266667,2.474,0.013265,296.2069708,0.360473555,22693.29254,0.186912213,0.002357981,110.98,67.73,33.76,1.041197348,0.01785712,0.98214288,DC,D
M. capitata,2015 Oct,Bleaching,Reef 14,Bleaching-Reef 14,42,10,10.9983368,0.254341958,520833,2.916,0.01642,193.9758567,0.044573645,28237.39935,0.099052545,0.00245878,117.48,97.22,48.21,-0.269120027,0.99490581,0.00509419,CD,C
M. capitata,2015 Oct,Bleaching,Reef 14,Bleaching-Reef 14,43,7,3.6328964,0.142227616,567500,1.953,0.013355,169.0684339,0.092113774,30257.66374,0.331609586,0.003355056,97.92,60.82,33.79,1.556327048,0.028987021,0.971012979,DC,D
M. capitata,2015 Oct,Bleaching,Reef 14,Bleaching-Reef 14,44,29,17.0616979,0.352057338,526667,1.404,0.01368,63.52701236,0.138526771,23094.81729,0.281671101,0.003116919,115.7,79.71,29.47,0.716852574,1,0,C,C
M. capitata,2015 Oct,Bleaching,Reef 14,Bleaching-Reef 14,45,16.5,8.3090286,0.254341958,574167,0.504,0.012075,173.4632266,0.052637158,31561.7112,0.339217242,0.003360199,142.62,107.47,71.38,-1.778222146,0.97339917,0.02660083,CD,C
M. capitata,2015 Oct,Bleaching,Reef 14,Bleaching-Reef 14,46,16,5.7580885,0.086991434,1088333,1.722,0.013685,75.32124314,0.398289862,41371.35352,0.215740342,0.004322228,117.74,66.5,40.26,0.732816257,0.052473285,0.947526715,DC,D
M. capitata,2015 Oct,Bleaching,Reef 14,Bleaching-Reef 14,47,26,8.7454203,0.232676656,297083,1.395,0.011695,363.7711651,0.350890524,36533.62673,0.168135043,0.002967633,114.4,69.79,37.07,0.814415086,1,0,C,C
M. capitata,2015 Oct,Bleaching,Reef 14,Bleaching-Reef 14,48,10.5,4.0834797,0.121835042,137500,0.596,0.011085,208.4236156,0.053392438,36086.00328,0.160177313,0.002597643,139.33,103.6,85.7,-1.960806025,1,0,C,C
M. capitata,2015 Oct,Bleaching,Reef 14,Bleaching-Reef 14,49,26,11.0018847,0.352057338,1154167,3.04,0.014615,521.2975857,1.172305375,31401.29486,0.365144297,0.001836842,104.13,65.2,36.53,1.21190406,0.031137611,0.968862389,DC,D
M. capitata,2015 Oct,Bleaching,Reef 14,Bleaching-Reef 14,50,8.5,6.1873844,0.248453627,1107500,2.908,0.013925,275.8814966,0.279975619,25011.46715,0.248867217,0.002103776,107.09,65.52,30.22,1.28987792,0.034983979,0.965016021,DC,D
M. capitata,2015 Oct,Bleaching,Reef 14,Bleaching-Reef 14,51,24,11.9456261,0.220860711,326250,1.235,0.013505,189.1629828,0.106818687,30807.50661,0.148898776,0.001709165,127.87,93.53,45.98,-0.381705369,0.028662012,0.971337988,DC,D
M. capitata,2015 Oct,Bleaching,Reef 14,Bleaching-Reef 14,52,26,7.3794788,0.140146399,1078333,1.665,0.013135,503.1624598,1.489491942,29041.70264,0.30735548,0.002213554,101.7,57.54,36.4,1.478095916,0.028494599,0.971505401,DC,D
M. capitata,2015 Oct,Bleaching,Reef 14,Bleaching-Reef 14,53,24,9.6643264,0.176736106,1082500,2.535,0.01209,331.1252547,0.168908476,39265.62663,0.352831038,0.001517345,105.93,71.36,46.25,0.7545011,0.022497533,0.977502467,DC,D
M. capitata,2015 Oct,Bleaching,Reef 14,Bleaching-Reef 14,54,16.5,5.0804396,0.168689626,630000,0.334,0.012375,68.14371376,0.013346028,24266.54848,0.142357635,0.004101226,106.58,72.03,47.84,0.679396809,0.037288232,0.962711768,DC,D
M. capitata,2015 Oct,Bleaching,Reef 14,Bleaching-Reef 14,55,11,5.8006633,0.25843154,685833,1.445,0.007795,111.8013527,0.315660785,38506.6727,0.514410168,0.002721384,117.99,75.05,45.89,0.357799614,1,0,C,C
M. capitata,2015 Oct,Bleaching,Reef 14,Bleaching-Reef 14,56,8,6.5244349,0.254341958,240208,0.254,0.006795,161.4378095,-0.152193476,31517.61789,0.125335804,0.00161497,154.36,132.58,101.24,-3.504621248,0.895171843,0.104828157,CD,C
M. capitata,2015 Oct,Bleaching,Reef 14,Bleaching-Reef 14,57,29.5,9.0505397,0.15804934,663333,1.564,0.01243,NA,NA,NA,NA,NA,100.86,61.01,33.38,1.486479811,0.052273757,0.947726243,DC,D
M. capitata,2015 Oct,Bleaching,Reef 14,Bleaching-Reef 14,58,18,9.536602,0.21484802,413438,0.32,0.012165,287.6291993,-0.035091439,22207.55186,0.140365755,0.002679468,126.75,74.12,50.6,0.036296184,0.904244663,0.095755337,CD,C
M. capitata,2015 Oct,Bleaching,Reef 14,Bleaching-Reef 14,59,20,7.7165293,0.214204301,1076667,2.168,0.013465,147.0086524,0.128163069,19880.17192,0.160203836,0.00411242,106.57,59.62,18.39,1.761905157,0.019640443,0.980359557,DC,D
M. capitata,2015 Oct,Bleaching,Reef 14,Bleaching-Reef 14,60,17,15.3090353,0.352057338,634167,2.713,0.014345,191.1445188,0.265008678,20775.64077,0.071510278,0.003185445,120.51,79.44,40.29,0.322261698,0.980967759,0.019032241,CD,C
M. capitata,2015 Oct,Bleaching,Reef 14,Bleaching-Reef 14,61,15,4.8143471,0.154016634,23056,0.108,0.012945,239.2714627,0.012448961,21858.02716,0.120339952,0.000346252,160.2,154.54,108.99,-4.428586242,1,0,C,C
M. capitata,2015 Oct,Bleaching,Reef 14,Bleaching-Reef 14,62,13.5,6.3967105,0.219088988,590833,2.24,0.014205,308.417316,0.35910324,27454.51098,0.260219739,0.001312657,112.11,64.52,34.58,1.075148262,0.973613698,0.026386302,CD,C
M. capitata,2015 Oct,Bleaching,Reef 14,Bleaching-Reef 14,63,16.5,5.2294514,0.202257646,705833,1.663,0.012495,202.4892513,0,17952.38795,0.095642178,0.001777931,111.09,66.18,36.8,1.000766195,0.021276601,0.978723399,DC,D
M. capitata,2015 Oct,Bleaching,Reef 14,Bleaching-Reef 14,64,28,8.1884,0.219372981,679167,1.787,0.01437,341.8090547,1.537956829,26687.87784,0.261666266,0.002070253,112.76,65.36,29.14,1.176392563,0,1,D,D
M. capitata,2015 Oct,Bleaching,Reef 14,Bleaching-Reef 14,65,9,5.6906784,0.101951261,174375,0.591,0.013315,344.7172137,0.174083349,25517.26571,0.106384269,0.001259625,144.55,107.68,71.12,-1.826541694,0.913000596,0.086999404,CD,C
M. capitata,2015 Oct,Bleaching,Reef 14,Bleaching-Reef 14,66,8.5,12.9887087,0.211463143,125625,1.583,0.017235,86.39500608,-0.006306005,23224.52161,0.113508088,0.001759741,146.32,125.66,100.09,-3.087657511,0.421047563,0.578952437,DC,D
M. capitata,2015 Oct,Bleaching,Reef 14,Bleaching-Reef 14,67,33.5,13.6592618,0.127716491,407917,1.431,0.014205,433.5663625,0.475780727,25808.46609,0.221527534,0.002419186,126.87,101.38,67.8,-1.122709748,1,0,C,C
M. capitata,2015 Oct,Bleaching,Reef 14,Bleaching-Reef 14,68,19,9.5046709,0.123216267,568333,1.751,0.013485,270.9477029,0.607477608,45470.7472,0.730733934,0.003764992,117.02,68.89,34.99,0.824258486,0.655162855,0.344837145,CD,C
M. capitata,2015 Oct,Bleaching,Reef 14,Bleaching-Reef 14,69,8,5.5913372,0.352057338,1640833,3.29,0.017285,162.7801058,-0.053715345,33617.7667,0.161146034,0.001733918,109.67,68.53,29.8,1.155704592,0.394597698,0.605402302,DC,D
M. capitata,2015 Oct,Bleaching,Reef 14,Bleaching-Reef 14,70,8,2.8133315,0.117286788,332500,1.198,0.0146,152.3921645,0.150072033,28856.28639,0.27705606,0.00219714,117.92,71.62,36.69,0.6859882,1,0,C,C
M. capitata,2015 Oct,Bleaching,Reef 14,Bleaching-Reef 14,71,9,4.7362933,0.171753014,925833,2.715,0.014735,265.5360372,0.110322581,28482.85355,0.207272727,0.003590667,112.3,66.66,40.53,0.861233261,1,0,C,C
M. capitata,2015 Oct,Bleaching,Reef 14,Bleaching-Reef 14,72,18,7.5781612,0.14836344,649167,1.991,0.01332,286.4887236,0.29176781,34711.68541,0.357650864,0.001537764,105.73,52.84,26.39,1.755185623,0.023063028,0.976936972,DC,D
M. capitata,2015 Oct,Bleaching,Reef 14,Bleaching-Reef 14,73,28.5,11.8320933,0.352057338,485833,1.796,0.01461,218.4839384,0.093993099,28767.64672,0.213051024,0.002735179,106.62,76.66,35.84,0.865790686,1,0,C,C
M. capitata,2015 Oct,Bleaching,Reef 14,Bleaching-Reef 14,74,22,6.0986869,0.096890924,340417,1.381,0.010275,245.9748059,0.01721785,21904.78538,0.132003513,0.003180814,102.12,64.49,32.1,1.395982267,1,0,C,C
M. capitata,2015 Oct,Bleaching,Reef 14,Bleaching-Reef 14,75,18,6.4641206,0.106277657,689167,1.338,0.01272,320.6537921,0.138160795,35928.41011,0.184214393,0.00461223,123.13,81.75,56.15,-0.213305623,1,0,C,C
M. capitata,2015 Oct,Bleaching,Reef 14,Bleaching-Reef 14,76,16.5,4.7859639,0.086306707,1059167,1.808,0.01285,125.1201584,0.130261527,29811.25657,0.124058597,0.004465288,97.01,56.46,27.34,1.859683025,0.078912543,0.921087457,DC,D
M. capitata,2015 Oct,Bleaching,Reef 14,Bleaching-Reef 14,77,10.5,7.8194184,0.353877345,587500,2.581,0.01823,-178.6197094,0.193002913,26209.94278,0.163760048,0.003132018,101.53,70.38,35.42,1.171552475,1,0,C,C
M. capitata,2015 Oct,Bleaching,Reef 14,Bleaching-Reef 14,78,16,6.76924,0.249515072,254167,1.087,0.01164,-172.9575205,0.061412106,25516.10973,0.127941888,0.003162077,128,76.15,51.53,-0.072825818,0.033975079,0.966024921,DC,D
M. capitata,2015 Oct,Bleaching,Reef 14,Bleaching-Reef 14,79,14,8.3516034,0.249757712,328333,0.671,0.0133,-56.90987641,0.058176246,27906.39816,0.032320137,0.001401513,125.77,85.34,48.47,-0.177486752,1,0,C,C
M. capitata,2015 Oct,Bleaching,Reef 14,Bleaching-Reef 14,80,29,12.3358951,0.182330678,739167,0.98,0.01306,-207.9295335,0.215905148,22608.36005,0.187117795,0.001770684,119.1,79.34,31.58,0.585054398,0.087436819,0.912563181,DC,D
M. capitata,2016 Feb,Recovery,Lilipuna,Recovery-Lilipuna,1,31,11.9882009,0.355764547,1252500,3.235,0.014905,174.77883,1.328927111,36130.29175,0.40890065,0.002485384,112.89,65.86,32.19,1.081529055,0.024604194,0.975395806,DC,D
M. capitata,2016 Feb,Recovery,Lilipuna,Recovery-Lilipuna,2,11,5.3216968,0.282001907,1267500,1.721,0.014895,110.0895914,0.695294223,29903.09191,0.607282296,0.001614051,123.17,86.51,28.92,0.361372778,0.038677305,0.961322695,DC,D
M. capitata,2016 Feb,Recovery,Lilipuna,Recovery-Lilipuna,3,11.5,5.6303641,0.260676524,1068333,1.705,0.014005,98.29630671,0.407765629,25029.53745,0.218985245,0.00189837,120.8,83.76,28.27,0.510871594,0.03500446,0.96499554,DC,D
M. capitata,2016 Feb,Recovery,Lilipuna,Recovery-Lilipuna,4,14,7.4575326,0.449639369,1560000,2.823,0.013675,26.83540783,0.379709158,25928.62529,0.157121031,0.002094403,114.41,61.2,28.93,1.248361732,0.017222344,0.982777656,DC,D
M. capitata,2016 Feb,Recovery,Lilipuna,Recovery-Lilipuna,5,12.5,4.8249908,0.262024525,787500,2.669,0.01391,95.89299585,0.88428945,31918.17645,0.251218594,0.001983999,112.88,73.6,43.86,0.579047475,1,0,C,C
M. capitata,2016 Feb,Recovery,Lilipuna,Recovery-Lilipuna,6,14.5,5.3394363,0.173433869,785000,1.827,0.01491,111.6535287,0.460115895,24133.3572,0.258577528,0.001922213,111.24,82.25,43.85,0.394946633,0.813286601,0.186713399,CD,C
M. capitata,2016 Feb,Recovery,Lilipuna,Recovery-Lilipuna,7,15,9.2953448,0.296560323,1354167,1.964,0.01464,54.28378249,0.183717082,27836.34924,0.26945172,0.001797597,108.71,53.36,11.83,2.039585876,0.012423817,0.987576183,DC,D
M. capitata,2016 Feb,Recovery,Lilipuna,Recovery-Lilipuna,8,25,8.0748672,0.248868031,580833,1.747,0.0144,170.8966445,0.580878718,29686.69685,0.044005963,0.001445363,112.48,80.21,52.32,0.198705225,1,0,C,C
M. capitata,2016 Feb,Recovery,Lilipuna,Recovery-Lilipuna,9,12,8.4438488,0.279492244,818333,2.591,0.013955,86.73934872,0.714691803,23741.30114,0.18807679,0.002162877,114.48,78.97,41.51,0.457872671,0.9983382,0.0016618,CD,C
M. capitata,2016 Feb,Recovery,Lilipuna,Recovery-Lilipuna,10,12.5,4.0870276,0.149647635,642500,1.426,0.01094,68.79694049,1.253368526,33055.5685,0.218842124,0.003110281,109.65,74.16,27.38,1.071081052,0.018949939,0.981050061,DC,D
M. capitata,2016 Feb,Recovery,Lilipuna,Recovery-Lilipuna,11,20,5.8148549,0.183329879,641667,1.11,0.01442,143.8763777,1.778605588,35254.86311,0.509791411,0.002442165,109.59,58.42,17.15,1.747737333,0.032974934,0.967025066,DC,D
M. capitata,2016 Feb,Recovery,Lilipuna,Recovery-Lilipuna,12,10,5.8929087,0.162974664,1254167,1.633,0.01238,122.5889189,0.680223777,33879.34465,0.391643993,0.002240229,122.63,83.39,41.23,0.140305746,0.014084232,0.985915768,DC,D
M. capitata,2016 Feb,Recovery,Lilipuna,Recovery-Lilipuna,13,20,7.1098384,0.236041265,866667,1.442,0.01617,99.50600191,0.972586256,38478.56849,0.560667371,0.002525151,116.95,72.92,19.61,1.116107479,0.012703273,0.987296727,DC,D
M. capitata,2016 Feb,Recovery,Lilipuna,Recovery-Lilipuna,14,21,6.520887,0.201872794,524167,1.6,0.01262,129.9046286,1.054461643,43653.73141,0.398637938,0.001719844,110.17,72.46,40.45,0.766105819,0.992424844,0.007575156,CD,C
M. capitata,2016 Feb,Recovery,Lilipuna,Recovery-Lilipuna,15,19,9.3521112,0.206293036,1169167,2.194,0.009425,63.68469665,0.633175066,34170.98413,0.266600028,0.002226037,103.26,66.11,26.13,1.47786972,0.022866292,0.977133708,DC,D
M. capitata,2016 Feb,Recovery,Lilipuna,Recovery-Lilipuna,16,21.5,9.0150607,0.273547019,1061667,1.783,0.01277,102.6172006,0.520522869,26082.28082,0.134074072,0.002371707,97.67,58.5,15.65,2.089997289,0.02334345,0.97665655,DC,D
M. capitata,2016 Feb,Recovery,Lilipuna,Recovery-Lilipuna,17,21,8.649627,0.2220733,554167,1.921,0.012675,70.84621365,0.520573054,18028.1171,0.13377855,0.001642709,109.39,72.98,41.67,0.741126702,1,0,C,C
M. capitata,2016 Feb,Recovery,Lilipuna,Recovery-Lilipuna,18,16,9.7281886,0.316533872,1346667,3.879,0.01188,149.222317,2.909290436,29075.73842,0.528187429,0.001295569,93.22,50.94,12.58,2.481000744,0.029903106,0.970096894,DC,D
M. capitata,2016 Feb,Recovery,Lilipuna,Recovery-Lilipuna,19,13,4.9278799,0.200126799,1485833,1.37,0.015515,191.0387809,1.506482512,40011.99679,0.249983998,0.002468196,114.3,73.58,27.85,0.954892218,0.017964413,0.982035587,DC,D
M. capitata,2016 Feb,Recovery,Lilipuna,Recovery-Lilipuna,20,15,7.1985359,0.241632871,289167,3.04,0.013525,95.28519711,1.430389857,35028.71492,0.101446089,0.00191898,101.39,62.49,39.46,1.277776214,0.998023919,0.001976081,CD,C
M. capitata,2016 Feb,Recovery,Lilipuna,Recovery-Lilipuna,21,10.5,5.2259035,0.174130345,900833,1.457,0.012835,64.3124639,0.538365042,39901.95316,0.408024032,0.001599565,126.02,86.54,46.6,-0.167218885,0.174932719,0.825067281,DC,D
M. capitata,2016 Feb,Recovery,Lilipuna,Recovery-Lilipuna,22,22,11.3353873,0.19998007,565000,2.289,0.017215,166.9556942,1.506472949,33574.57618,1.122658185,0.001652032,102.59,62.79,34.38,1.369788538,1,0,C,C
M. capitata,2016 Feb,Recovery,Lilipuna,Recovery-Lilipuna,23,22,8.3764387,0.272638071,714167,1.336,0.01205,83.33887106,1.33514738,44251.33918,0.351024663,0.001528163,117.08,78.9,35.49,0.54783203,0.019426715,0.980573285,DC,D
M. capitata,2016 Feb,Recovery,Lilipuna,Recovery-Lilipuna,24,11,7.6242839,0.324996436,1243333,2.39,0.01172,112.4646722,1.54795172,32751.37278,0.248866836,0.001759549,119.78,83.43,41.54,0.204395452,0,1,D,D
M. capitata,2016 Feb,Recovery,Lilipuna,Recovery-Lilipuna,25,10,6.095139,0.248359604,865000,2.286,0.01593,228.1950331,2.934853776,27911.08348,0.370010218,0.001252003,132.03,68.89,34,0.464676622,0,1,D,D
M. capitata,2016 Feb,Recovery,Lilipuna,Recovery-Lilipuna,26,17,10.1858677,0.23259634,1358333,3.566,0.006615,138.7024112,1.353164402,36514.14259,0.352042771,0.002242437,89.1,58.21,18.12,2.253905922,0,1,D,D
M. capitata,2016 Feb,Recovery,Lilipuna,Recovery-Lilipuna,27,12,6.9892098,0.19344161,1305000,1.988,0.01152,82.82117026,0.711324443,32095.86837,0.586362041,0.002885392,112.08,63.11,21.7,1.444076731,0,1,D,D
M. capitata,2016 Feb,Recovery,Lilipuna,Recovery-Lilipuna,28,9,5.0839875,0.188322351,885000,1.865,0.013205,61.18834338,0.599440477,20511.14879,0.271911144,0.002385681,116.05,80.88,41.7,0.362714526,0.010102731,0.989897269,DC,D
M. capitata,2016 Feb,Recovery,Lilipuna,Recovery-Lilipuna,29,36,15.1032571,0.250108262,942500,2.142,0.014405,106.1115815,0.006146542,19054.58463,-0.055318874,0.002194949,125.43,78.53,42.16,0.171779588,0,1,D,D
M. capitata,2016 Feb,Recovery,Lilipuna,Recovery-Lilipuna,30,16,10.4696997,0.163460997,844167,3.231,0.01259,36.74656073,0.821621382,30998.91522,0.291207578,0.002428097,105.01,64.3,28.46,1.420434415,1,0,C,C
M. capitata,2016 Feb,Recovery,Lilipuna,Recovery-Lilipuna,31,15.5,6.0880432,0.058237411,1335833,2.423,0.01102,101.618777,0.499212991,30626.18277,0.072801895,0.00259768,108.82,78.71,43.5,0.558692174,0.231953059,0.768046941,DC,D
M. capitata,2016 Feb,Recovery,Lilipuna,Recovery-Lilipuna,32,8,3.5690342,0.214526876,356667,1.265,0.01008,79.78295807,0.659820668,40564.75128,0.296246014,0.002779976,120.51,78.94,52.09,0.031875803,0.939684996,0.060315004,CD,C
M. capitata,2016 Feb,Recovery,Lilipuna,Recovery-Lilipuna,33,14,6.5386265,0.156750165,514167,1.631,0.007225,120.5853785,0.651902946,41053.37562,0.551610185,0.002519181,131.46,96.37,62.86,-0.982261678,1,0,C,C
M. capitata,2016 Feb,Recovery,Lilipuna,Recovery-Lilipuna,34,12,12.2471976,0.245699989,794167,3.028,0.013675,139.4080942,1.059389271,43012.18544,0.272591391,0.002072696,132.28,76.44,49.94,-0.149317542,1,0,C,C
M. capitata,2016 Feb,Recovery,Lilipuna,Recovery-Lilipuna,35,16.5,6.0703037,0.127092365,777500,1.33,0.01356,67.54727186,0.481577131,30156.38587,0,0.001689595,116.95,75.01,27.04,0.870312403,0.023792459,0.976207541,DC,D
M. capitata,2016 Feb,Recovery,Lilipuna,Recovery-Lilipuna,36,14,3.5619384,0.126620858,740833,1.13,0.009,50.29006761,0.617004553,35575.65056,0.516807233,0.002279874,118.86,78.09,30,0.664566471,0,1,D,D
M. capitata,2016 Feb,Recovery,Lilipuna,Recovery-Lilipuna,37,15,7.0424283,0.161842442,553333,1.209,0.01196,95.95727452,1.106442201,39456.75618,0.960087412,0.001852554,107.69,77.48,35.88,0.81584902,0.003582446,0.996417554,DC,D
M. capitata,2016 Feb,Recovery,Lilipuna,Recovery-Lilipuna,38,9.5,3.9983301,0.231884829,432500,1.845,0.01285,122.9320197,0.962613282,41251.16683,0.520658756,0.001499356,125.67,85.04,41.99,-0.000414878,1,0,C,C
M. capitata,2016 Feb,Recovery,Lilipuna,Recovery-Lilipuna,39,22,5.9071003,0.122330143,605000,0.982,0.01322,152.7256702,0.772558293,50455.2093,0.602595469,0.002140775,124.66,84.19,35.66,0.210540133,0.041827503,0.958172497,DC,D
M. capitata,2016 Feb,Recovery,Lilipuna,Recovery-Lilipuna,40,30,10.1361971,0.12310813,752500,1.298,0.014135,80.80464849,0.469345344,33501.0796,0.337506764,0.002038487,124.31,89.27,41.49,-0.063395724,0.014019411,0.985980589,DC,D
M. capitata,2016 Feb,Recovery,Reef 14,Recovery-Reef 14,41,10.5,8.4864236,0.358578801,1730000,4.238,0.015515,84.41036351,0.989347838,35385.7671,0.560233113,0.003747874,119.54,78.63,44.79,0.252615936,0.972584102,0.027415898,CD,C
M. capitata,2016 Feb,Recovery,Reef 14,Recovery-Reef 14,42,7,5.0201253,0.293275061,1000833,3.959,0.01428,77.51730843,0.889387285,25937.09881,0.24663681,0.00265528,143.82,82.66,57.68,-0.807223734,1,0,C,C
M. capitata,2016 Feb,Recovery,Reef 14,Recovery-Reef 14,43,7.5,7.9968134,0.41124615,2271667,4.35,0.015135,61.70130563,0.496496755,37414.28142,0.464116532,0.005114978,126.57,77.28,34.94,0.360941709,0.144932118,0.855067882,DC,D
M. capitata,2016 Feb,Recovery,Reef 14,Recovery-Reef 14,44,9,5.917744,0.203500099,615000,3.17,0.014035,35.69184684,0.292326201,21302.41707,0.168899583,0.002823944,124.39,83.3,55.39,-0.266655678,1,0,C,C
M. capitata,2016 Feb,Recovery,Reef 14,Recovery-Reef 14,45,9,4.7717723,0.23980615,448750,1.201,0.013,46.75792615,0.945374165,34747.84399,0.460247949,0.002869399,138.21,84.08,62.21,-0.816987729,1,0,C,C
M. capitata,2016 Feb,Recovery,Reef 14,Recovery-Reef 14,46,7,5.5487624,0.257534818,1289167,3.404,0.013655,90.40756725,0.457611909,33111.06575,0.624016239,0.003063688,149.52,86.44,55.28,-0.990666687,0.103481427,0.896518573,DC,D
M. capitata,2016 Feb,Recovery,Reef 14,Recovery-Reef 14,47,10,5.988702,0.220497932,1465833,1.766,0.01685,119.0487891,0.640529473,28439.63614,0.475821894,0.002806977,135.88,80.5,45.7,-0.238898469,0.031614745,0.968385255,DC,D
M. capitata,2016 Feb,Recovery,Reef 14,Recovery-Reef 14,48,10,6.2654382,0.406777869,1319167,3.239,0.014165,86.66459259,0.566243411,39154.12997,0.471869509,0.002408246,126.93,79.31,42.65,0.100281276,0.039511821,0.960488179,DC,D
M. capitata,2016 Feb,Recovery,Reef 14,Recovery-Reef 14,49,10,5.5097355,0.254341958,769167,2.861,0.016955,56.44169509,0.543319348,9446.314353,0.384021529,0.001152306,131.74,77.94,51.87,-0.224366242,0.849050855,0.150949145,CD,C
M. capitata,2016 Feb,Recovery,Reef 14,Recovery-Reef 14,50,12,6.6840904,0.361642222,1177500,2.297,0.014065,114.1925897,0.715520193,42836.85381,0.35045887,0.001794659,140.05,80.27,44.71,-0.314387463,0.106414461,0.893585539,DC,D
M. capitata,2016 Feb,Recovery,Reef 14,Recovery-Reef 14,51,11,8.9618422,0.274412072,1960000,2.587,0.016885,79.63247275,0.363102803,29237.93602,0.309847725,0.00172641,126.89,75.75,37.48,0.327459092,0.038618073,0.961381927,DC,D
M. capitata,2016 Feb,Recovery,Reef 14,Recovery-Reef 14,52,8,10.4732476,0.368003282,1024167,4.57,0.01419,32.71289621,0.277429352,28068.52185,0.080544006,0.001503745,138.95,78.94,53.34,-0.47330253,1,0,C,C
M. capitata,2016 Feb,Recovery,Reef 14,Recovery-Reef 14,53,17.5,10.5016308,0.324565607,1750833,2.192,0.013925,69.58734324,0.235573379,32029.38587,0.215088737,0.002056692,135.85,75.6,31.72,0.249676467,0.175202999,0.824797001,DC,D
M. capitata,2016 Feb,Recovery,Reef 14,Recovery-Reef 14,54,11,6.2689861,0.242505402,888333,1.428,0.01229,41.67088164,0.311685024,39170.44638,0.294684023,0.001694923,128.32,80.57,45.82,-0.049884712,0.167797673,0.832202327,DC,D
M. capitata,2016 Feb,Recovery,Reef 14,Recovery-Reef 14,55,9.5,5.8680734,0.182062662,1434167,3.113,0.01295,34.45636358,0.347473687,28944.72752,0.16245523,0.001874815,118.84,74.88,53.8,0.137014488,0.990022495,0.009977505,CD,C
M. capitata,2016 Feb,Recovery,Reef 14,Recovery-Reef 14,56,10,6.7053778,0.399453781,780833,3.826,0.014185,85.50737983,0.286844402,21206.91951,0.280470081,0.001387793,126.37,86.42,46.72,-0.176142214,0.945426341,0.054573659,CD,C
M. capitata,2016 Feb,Recovery,Reef 14,Recovery-Reef 14,57,9.5,5.3429842,0.40386344,2014167,2.201,0.01239,90.34790511,0.841885802,32256.65504,0.313008824,0.00330262,129.95,79.86,46.71,-0.096001896,0.087387056,0.912612944,DC,D
M. capitata,2016 Feb,Recovery,Reef 14,Recovery-Reef 14,58,10.5,8.6035043,0.322436806,993333,3.405,0.012645,39.71430933,0.200961045,22089.46858,0.138593824,0.002497924,127.13,78.49,47.13,0.001398312,1,0,C,C
M. capitata,2016 Feb,Recovery,Reef 14,Recovery-Reef 14,59,7.5,4.9704547,0.358398335,1199167,4.627,0.01391,111.6627847,1.086098954,48304.83286,0.484341425,0.002510862,113.72,69.16,34.05,0.926018845,0.86402555,0.13597445,CD,C
M. capitata,2016 Feb,Recovery,Reef 14,Recovery-Reef 14,60,8,6.911156,0.363233729,2303333,4.233,0.014315,76.67598247,0.735187002,26949.94442,0.245062334,0.002592362,115.12,66.47,33.06,0.985981608,0.038575633,0.961424367,DC,D
M. capitata,2016 Feb,Recovery,Reef 14,Recovery-Reef 14,61,22,31.7251686,0.352057338,1953333,7.741,0.016685,44.52952793,1.085558454,23213.33559,1.331618371,0.002511868,117.46,70.44,42.64,0.57565374,0.865811215,0.134188785,CD,C
M. capitata,2016 Feb,Recovery,Reef 14,Recovery-Reef 14,62,14,12.5700565,0.250429153,1200833,3.928,0.019735,167.5786645,1.469559064,42618.1602,0.421594814,0.001057409,133.89,87.66,63.54,-0.834086812,1,0,C,C
M. capitata,2016 Feb,Recovery,Reef 14,Recovery-Reef 14,63,9,6.1696449,0.282564312,1830000,2.635,0.01379,112.5768484,0.488853211,31983.50724,0.37152844,0.002465632,130.24,86.7,55.13,-0.499036219,0.035342008,0.964657992,DC,D
M. capitata,2016 Feb,Recovery,Reef 14,Recovery-Reef 14,64,8,8.3551513,0.400474268,1155000,3.671,0.01572,137.2691094,1.587614021,50788.81627,1.160179477,0.002157677,127.1,85.1,59.02,-0.476648602,0.96064379,0.03935621,CD,C
M. capitata,2016 Feb,Recovery,Reef 14,Recovery-Reef 15,65,NA,NA,NA,NA,NA,NA,44.8945248,0.375104692,26614.44486,0.56467373,0.002569627,137.94,75.97,47.2,-0.211739478,NA,NA,NA,NA
M. capitata,2016 Feb,Recovery,Reef 14,Recovery-Reef 14,66,5.5,10.6932174,0.310080319,1651667,2.987,0.016715,89.051374,1.039407148,44055.65488,1.118349463,0.001832781,126.89,79.3,50.4,-0.097746554,0.117261147,0.882738853,DC,D
M. capitata,2016 Feb,Recovery,Reef 14,Recovery-Reef 14,67,12,5.0343169,0.254341958,770000,5.001,0.015325,103.5540314,0.996031723,36914.23982,0.127832948,0.001524705,118.88,82.23,46.01,0.143934458,1,0,C,C
M. capitata,2016 Feb,Recovery,Reef 14,Recovery-Reef 14,68,11,6.0632079,0.247688603,783333,2.173,0.013585,51.22919099,0.67454481,45422.28745,0.512654055,0.001930966,137.26,80.68,43.58,-0.22448812,0.006118038,0.993881962,DC,D
M. capitata,2016 Feb,Recovery,Reef 14,Recovery-Reef 14,69,6,5.8503339,0.37932341,946667,2.73,0.014185,49.28153833,0.294082063,32622.96689,0.898892343,0.001994997,126.06,75.01,38.03,0.353976336,0.03000179,0.96999821,DC,D
M. capitata,2016 Feb,Recovery,Reef 14,Recovery-Reef 14,70,7.5,7.5675175,0.420984191,848333,4.067,0.0142,83.86932316,0.713593399,33135.50668,0.237864466,0.002082078,146.16,77.75,56.16,-0.699631469,0.976773626,0.023226374,CD,C
M. capitata,2016 Feb,Recovery,Reef 14,Recovery-Reef 14,71,5,4.6617874,0.442521922,1075000,4.175,0.014305,74.8020622,0.469387841,38930.8602,0.41864321,0.002537778,132.4,75.46,60.66,-0.402441331,1,0,C,C
M. capitata,2016 Feb,Recovery,Reef 14,Recovery-Reef 14,72,5,3.5441989,0.391513546,1360833,1.858,0.01393,81.40062043,0.51905266,22079.40237,0.238036889,0.003673521,136.53,82.08,52.59,-0.474129727,0,1,D,D
M. capitata,2016 Feb,Recovery,Reef 14,Recovery-Reef 14,73,5,4.7859639,0.277553502,1245833,2.403,0.013155,103.19789,1.425029751,31634.83726,0.358680958,0.002570385,126.14,89.24,60.08,-0.587654839,0.781781068,0.218218932,CD,C
M. capitata,2016 Feb,Recovery,Reef 14,Recovery-Reef 14,74,12,6.6486114,0.441659201,1380833,4.418,0.015135,84.33498255,0.345558753,26521.58718,0.222144912,0.002795063,121.94,70.54,47.78,0.325921918,0.309928323,0.690071677,DC,D
M. capitata,2016 Feb,Recovery,Reef 14,Recovery-Reef 14,75,8,4.7540328,0.455894096,1638333,3.528,0.01442,59.90989521,0.315567408,30963.77569,0.591688891,0.003353284,119.57,54.21,30.57,1.256792229,0.020354894,0.979645106,DC,D
M. capitata,2016 Feb,Recovery,Reef 14,Recovery-Reef 14,76,7.5,6.6698988,0.352057338,1231667,5.861,0.014415,16.16403094,0.138060785,15228.60623,0.099403765,0.001866747,113.16,71.48,51.07,0.441931398,0.927170433,0.072829567,CD,C
M. capitata,2016 Feb,Recovery,Reef 14,Recovery-Reef 14,77,10.5,6.9182518,0.254341958,745000,2.199,0.019645,130.4774064,0.426539517,29395.886,0.329598718,0.002685301,133.58,81.54,44.35,-0.172402106,0.010929968,0.989070032,DC,D
M. capitata,2016 Feb,Recovery,Reef 14,Recovery-Reef 14,78,10,8.472232,0.388583817,711667,5.462,0.016605,101.1522149,1.043097459,26629.82065,0.154532957,0.002019934,105.54,68.11,43.44,0.92184766,1,0,C,C
M. capitata,2016 Feb,Recovery,Reef 14,Recovery-Reef 14,79,10,5.5771456,0.223244664,622500,2.713,0.012795,40.35581262,0.589092297,33450.39155,0.271888752,0.002356063,119.33,68.1,14.39,1.315474919,0.013844677,0.986155323,DC,D
M. capitata,2016 Feb,Recovery,Reef 14,Recovery-Reef 14,80,10.5,5.1549455,0.424539582,735833,3.69,0.015805,35.48468247,1.366701186,32391.84863,0.344206225,0.002236308,109.18,63.33,39.01,1.067528642,0.991840246,0.008159754,CD,C